t,yhat
241,-0.5129446534855988
242,0.7686728962318397
243,-0.17959678303182622
244,-0.827103538088891
245,-0.30552789688234916
246,0.16604629329193155
247,0.4552574814284272
248,-0.22892243804558005
249,-0.6528703136451219
250,0.30328858979423495
251,0.050119993635315135
252,0.2349524586634801
253,0.2219280652744848
254,-0.19994327112698262
255,0.44829511966332974
256,0.1470320949754713
257,-0.13853826858708912
258,0.052380422114589896
259,0.30832832502306273
260,-0.07331199157193012
261,-1.0075790912290326
262,0.5812807432030228
263,-0.5142739130962592
264,-0.45622250514399476
265,0.03594722821704663
266,-0.4854534521166539
267,-0.3517765975533368
268,0.32181591153169675
269,0.3347295654165747
270,-0.0966380745252447
271,0.4011867675245253
272,0.30894870892549775
273,0.4884348048428481
274,-0.282994971658618
275,0.20437653551935706
276,-0.3608477707431644
277,0.4646520566880858
278,-0.10703405946086986
279,-0.8185553980235194
280,-0.5989311033599161
281,0.08373361964124673
282,0.12982461776242232
283,-0.7037401485407151
284,-0.16492722994797204
285,-0.297717894285843
286,-0.19259886018728212
287,0.21178263970894068
288,-0.3275985554209815
289,0.29753703653777563
290,0.7838843663572928
291,0.06130315355700508
292,0.08212157675640139
293,-0.2697645669158127
294,0.3100051032462489
295,-0.2492514478623099
296,0.23762893657992518
297,0.45562277533092066
298,0.7841760726367376
299,0.5069743927169869
300,-0.2618827467382555
301,0.0206988896472243
302,0.06700700363244724
303,-0.44440300159914714
304,0.4251130994661094
305,0.11626236572532324
306,-0.2024885965429527
307,-0.2118699425337681
308,0.28658500285874455
309,-0.009792665889268637
310,0.4327229595328753
311,-0.1779573289647018
312,0.1205547788659395
313,0.21857577224628486
314,-0.060542337977146976
315,-1.2584328962843299
316,0.5276462038823664
317,0.2953228525249749
318,0.5916402424298501
319,0.5314361485243806
320,0.3335060927818959
321,-0.0187583522140006
322,-0.755407909974324
323,0.2587999967435703
324,0.5160774354412044
325,0.24852809152630947
326,0.05388049616155663
327,0.24788894302609957
328,-0.7699733164140269
329,0.46195297947868846
330,0.23780105553830433
331,-0.5764932212384937
332,0.6504281795060739
333,0.021032504066229696
334,-0.16944383946650796
335,-0.971781793857391
336,0.08687525586455969
337,0.08700401286300125
338,0.5468311868083148
339,0.26541239735392724
340,0.895945401232704
341,0.08154303612540098
342,0.42935242711140675
343,-0.548526730254184
344,0.25359671441578635
345,-0.23959090501434474
346,0.6040622361793236
347,-0.7387111548989256
348,0.822166422554461
349,-0.6134925748134942
350,-0.41589407609428625
351,-0.1338474487423501
352,0.28215752607067346
353,-0.10417072357578758
354,0.8750400801666525
355,-0.2454648681338094
356,-0.2479579325908977
357,-0.8679212958072666
358,-0.7956158253212946
359,0.022557563453878604
360,-0.3989573848637139
361,0.29550851858780275
362,0.3122499250162808
363,0.2686510439013384
364,1.0176130702274409
365,-0.9574126559554171
366,-0.3778042667426287
367,0.4287047482897169
368,0.24823552941404398
369,-0.0014029796391953897
370,0.3178314564316984
371,-0.3051773937048588
372,0.6880781278603196
373,0.05622900449038257
374,-0.19834034863404917
375,-0.14904071649556397
376,0.5284519387375402
377,-0.05919375038990571
378,0.4491441512515338
379,-0.12541385940867006
380,-0.477907866295306
381,-0.07635319424941109
382,-0.3418771538846033
383,-0.06558570041132339
384,-0.6490205082096314
385,0.09120921787667345
386,-0.8269808528558797
387,-0.42676027950110657
388,0.4652479109850016
389,-0.23168741449454727
390,-0.030732923558401237
391,0.04513729084704424
392,-0.21763339317280034
393,0.0965578990880686
394,-0.40484214320559075
395,-0.07065350770977762
396,0.05131409572360207
397,-0.24439768862699104
398,-0.16881610631424868
399,-0.14672735494094882
400,-0.48193909861378775
401,0.4757541201359671
402,-0.05885470684750553
403,-0.049045419311304524
404,-0.5531631295312092
405,-0.007180712423292504
406,-0.807450443850347
407,0.07566437787302756
408,0.2353231272693352
409,0.36533503295765546
410,-0.41999206306056003
411,0.2889521180151795
412,0.03800574512615029
413,-0.2427843619393593
414,-0.21404143563376543
415,0.24269217848179656
416,0.7882282607345386
417,-0.18960861112143226
418,0.12587595512760053
419,0.2118361647646049
420,0.0063815356336117185
421,0.6206941931541625
422,-0.28689167847078983
423,0.08071637988401328
424,-0.7319310494643836
425,0.5794608792109577
426,0.22775098031480853
427,0.5534110542733605
428,-0.5115460397963868
429,-0.14082784933518186
430,0.3311621113506412
431,0.7514853852266877
432,0.20054946141363905
433,0.15349894545705534
434,-0.7733673500480984
435,0.2530894129543168
436,0.41965554431841756
437,0.16807456665185266
438,0.648290163144186
439,0.17092519659857006
440,-0.577518159275562
441,-0.605269184060667
442,-0.008215520832487937
443,-0.004523345988971583
444,-0.12239741468806606
445,0.20126177336597376
446,0.6217294181263859
447,0.020014270903460585
448,1.9688400811693207e-05
449,0.7558690325962306
450,-0.32151103538111453
451,0.21086626999671687
452,-0.7597338016550281
453,0.25239312539964454
454,-0.31352403283894686
455,0.7079977774768326
456,0.10159438186493175
457,-0.052577408270928716
458,-0.20960618631631003
459,0.1765313828286194
460,-0.4757951418086649
461,-0.42461826129392455
462,0.14858950872805665
463,-0.3363593361990051
464,0.45745401740230107
465,-0.4512573887925546
466,0.2089665005680935
467,-0.36351772212259914
468,-0.02543824848259424
469,-0.34128849121583615
470,0.19016522951653145
471,0.02050102809897733
472,-0.014292842040208031
473,0.1328114324788658
474,-0.12790541008835227
475,0.47869417832073996
476,0.4775424862011278
477,0.6472247878953193
478,0.6226085090473465
479,-0.012105300125969984
480,0.04363824265549626
481,0.19625025599032847
482,-0.17787453261637454
483,-0.37325159929430163
484,0.08467459216941228
485,0.7545886733893559
486,-0.49750804884198874
487,-0.044537900389461274
488,0.08146468887992114
489,0.6986836307306599
490,0.165031870146073
491,-0.3279643670029793
492,0.3781912265103558
493,0.0995609869001411
494,-0.11239705320883843
495,-0.06847778881054067
496,-0.17427519692145446
497,-0.4364319386320134
498,-0.2886646364783657
499,0.8417228796625577
500,-0.33580359935937154
501,-0.5887365501849671
502,-0.14163422037899986
503,-0.5672407611194566
504,0.3289703209804328
505,0.022383986677087686
506,-0.1971256576889252
507,0.008999307973580922
508,-0.08960303308853895
509,0.10353710443153537
510,0.41865768503606693
511,-0.3945311670564917
512,-0.6587566618699091
513,-0.480229242468248
514,-0.8918859050922914
515,0.2628899551955983
516,0.2166679664504192
517,-0.5466997076595231
518,-0.22906067186445325
519,-0.3125491993579339
520,0.5238481084402627
521,0.35825004702746904
522,0.31869508440057476
523,-0.27053435701364215
524,-0.02924409959879755
525,0.2079615561179567
526,-0.3183385595293018
527,0.9474522113050018
528,0.615256553402291
529,-0.3061533253565143
530,0.3462273134724142
531,0.3316334800816792
532,0.5768368646779302
533,-0.1725936537261773
534,-0.7389195506809894
535,0.2804169094813
536,1.6152330696442925
537,-1.0601175313641822
538,0.5441812651471807
539,-0.9701391553164034
540,-0.39531741085877553
541,-0.6245763768809448
542,0.17149615739692875
543,-0.6532121089515818
544,-0.09299454958511064
545,0.26878626262703453
546,-0.18103509490950925
547,0.09223688846488715
548,-0.03535771169208683
549,0.031121532653284822
550,-0.03519626536351567
551,-0.35491901524295943
552,-0.03135622616455841
553,0.2825442306845415
554,-0.6570190154590806
555,0.3875038782175946
556,-0.24407127768911127
557,0.7252177826839895
558,0.5046365023260891
559,-0.2194971569171652
560,-0.5467430103283846
561,-0.6429284806136826
562,0.10292206918366309
563,0.007375803365098688
564,-0.271584725755621
565,0.3253908262635114
566,0.25568408869025816
567,0.09446370528675152
568,0.5789445060037708
569,0.48653966442401886
570,0.04274405529299852
571,-0.04698832893020964
572,-0.7427956034700062
573,0.008573072629298295
574,-0.04048783684353091
575,0.2592148784989783
576,-0.1846155979376694
577,-0.1505329006525706
578,-0.8198832322379104
579,-0.262716733363281
580,-0.1886942843479876
581,0.6130844685253953
582,-0.11251107792757077
583,0.1864976917004583
584,-0.22095514477950903
585,-0.08680330538331242
586,-0.13173180644281174
587,0.09254913786290954
588,0.4750664336580569
589,-0.6152442393284263
590,0.2008049479183374
591,-0.3609804379529522
592,0.4081903714034377
593,0.03628335178067386
594,-0.12893430520893348
595,-0.07407705098697195
596,-0.3992840608970789
597,0.2581406308129841
598,0.08127692973987517
599,0.44799919361761886
600,-0.41131511778123353
601,-0.33687905917046235
602,0.28297245534228066
603,-0.39456248827527834
604,-0.5165384447524474
605,-0.20767389125947214
606,-0.43251152264433285
607,0.36763072694333804
608,-0.27753029196925827
609,-0.13566325305259747
610,0.1682593856284749
611,0.2531574464718253
612,0.2488987093917185
613,0.17581176425179534
614,0.32845328781008887
615,-0.36430777646416385
616,0.03490077391568758
617,0.4620649720331579
618,-0.736172729399908
619,0.06498605995782036
620,0.3458651772968765
621,-1.285708698957048
622,0.033553374344266945
623,-0.19020906047312092
624,0.08744562652093227
625,-0.43900480687119303
626,-0.2844974059128769
627,-0.10462640056325691
628,0.2728443751457993
629,0.3825402258540812
630,0.11626387033888558
631,-0.33401651201202354
632,0.3268494353729726
633,0.03924001271075567
634,1.0146270449534724
635,-0.06869244977645701
636,-1.1386270368130154
637,0.45257864373573303
638,-0.1217951389660255
639,-0.20793866614065298
640,0.2237201184425475
641,-0.5056128857541393
642,0.9780047432694791
643,0.48264964497458696
644,-0.6791940635814329
645,-0.5960837872864585
646,-0.35122137349178645
647,0.052442870267715824
648,-0.4336242256991778
649,0.12113177323931243
650,0.7335560840236935
651,0.09468154871766063
652,0.08866981036398353
653,0.41112963723040785
654,0.622366898447565
655,0.3553518146562322
656,-0.05417867795277987
657,0.4884054449798867
658,0.1874826085835219
659,-0.25450803740574623
660,-0.3270030776890661
661,0.4969612121783664
662,-0.4485007274249879
663,0.11182571412268531
664,-0.2990741907684147
665,-0.009195261465340304
666,-0.07158133291115698
667,-0.39807294345644595
668,0.12316490632404972
669,0.5065386074348376
670,-0.09835467942005438
671,-0.27351775224277325
672,-0.0509311852679981
673,0.30795229735038343
674,-0.3548265472579981
675,-0.13584818743586535
676,-0.28943757655145114
677,0.3939299165122427
678,-0.24525596006122574
679,0.25218482694262623
680,-0.8992448217491045
681,0.6677526848565102
682,0.967452721972939
683,-0.5552796184080675
684,-0.5017746410583852
685,0.4442795445265788
686,0.02564825073130267
687,0.6625536129165438
688,-0.25220376353576074
689,-0.4584111582905301
690,0.07953942009792281
691,0.04266369549232485
692,-0.9636640467249883
693,-0.17239074042110908
694,-0.2696473306146355
695,-0.1504075936726328
696,0.3800484332494555
697,0.28797205105721746
698,0.13031501025775155
699,-0.33482345149346426
700,-0.1001793352022527
701,0.31581123065064376
702,-0.5890826187090642
703,0.14133377817682424
704,-0.7116829543759763
705,-0.08035783391922846
706,-0.5864049720916659
707,0.636735332421253
708,0.20631373053028146
709,-0.3907505988614667
710,-0.6343396663291103
711,0.23598067298086992
712,0.3084299822809755
713,0.4222531717822108
714,-0.3017091164052196
715,0.18019897286707806
716,0.436224465613084
717,0.06309618438761022
718,-0.36394268435104554
719,0.2657435195132193
720,0.7020746498983459
721,-0.37728685762628256
722,0.38090719080212904
723,0.013944667520366827
724,-0.5002610919281814
725,-0.6570751088824556
726,-0.11681667859065392
727,0.5236645001402281
728,0.3399513814063261
729,0.4828561879370542
730,0.13331487140235754
731,0.2399105741230944
732,0.347994658758441
733,-0.2671574814348222
734,-0.39516537739970314
735,-0.05368351963186402
736,-0.10727763074408458
737,-0.8120026802503688
738,0.6237069174286659
739,0.2089896352880007
740,-0.3767218169821238
741,-0.3741025985077229
742,0.6244811945972121
743,-0.052094263424101395
744,0.8597543282592699
745,-1.0808587343789349
746,0.27678107553908626
747,-0.06674842923678209
748,0.36287685733547625
749,0.23140914103041788
750,-0.13624680222391633
751,-0.5311965858389252
752,0.26667783916399185
753,0.6968495166086448
754,-0.6391837960405435
755,-0.15029279510583496
756,-0.1771998066857183
757,0.4680111025049586
758,-0.24742946055276177
759,0.73085786403348
760,0.6267060196747947
761,0.36423646435778284
762,-0.7557907104048761
763,0.05366090670060053
764,0.6135435812138492
765,-0.17300628546308275
766,0.30240671495345617
767,0.10829139736309751
768,0.4792160718617591
769,-0.3387153567211886
770,-0.6828661170472078
771,-0.02485090034173855
772,-0.6024309086366909
773,-0.04019492945982972
774,0.6549302529673955
775,0.2787719993132488
776,0.021665176047818757
777,0.13965190715078568
778,-0.07755296349984961
779,-0.02517614739694024
780,-0.6574877348186674
781,0.05468207731724642
782,0.6609233404831221
783,0.9498927823547261
784,-0.11546200070993072
785,0.26156359820208713
786,-0.2627732091922508
787,-0.2599632971857627
788,-0.00883449279463877
789,0.4613261803528231
790,-0.2753582837266764
791,0.658890510261356
792,0.36604075677861925
793,0.19521820950180097
794,-0.836832767519025
795,0.21017943493606994
796,0.0874507150533452
797,-0.1790409991546722
798,-0.12781601055942998
799,0.473792553104409
800,-0.3806567401164435
801,0.09436654887791418
802,-0.059590689461317486
803,-0.6126933199610655
804,-0.34051446563638865
805,0.062429708162069414
806,0.1599126500193519
807,-0.023999249556404333
808,0.45505743535422344
809,0.32475574612685876
810,0.22716660203768324
811,0.27834220999430426
812,-0.2535839744795845
813,0.04678693576237794
814,0.1309359950279336
815,-0.13050901507566548
816,0.19891529005197126
817,0.1394938369205556
818,0.04978951884891648
819,-0.2071170620313365
820,-0.23514941935468817
821,0.262513148187728
822,0.05847826255551898
823,0.3394793927810073
824,0.04463545419923471
825,0.1161445118352046
826,0.07786816125880974
827,-0.2320072294975481
828,-0.04711193857771141
829,-0.3473848194889351
830,0.2540176309987787
831,0.70941127786283
832,0.3613638685581132
833,-0.7623894036276434
834,-0.031275951681323355
835,-0.1665652618802707
836,0.6005469130155341
837,-0.08247047740151145
838,-0.10093045921324362
839,0.16125587399071395
840,-0.11696237025185872
841,-0.7963445186439816
842,-0.9041934733765229
843,-0.25632719267706766
844,-0.3002224464426109
845,0.08984980634672551
846,-0.40918475050384073
847,-0.5535300825048824
848,-0.4771804392115928
849,-0.26533725235303596
850,0.4121862105200573
851,0.28544009283076244
852,-0.03717251623374607
853,0.22873982388128508
854,-0.08704742991403389
855,-0.3060665162216635
856,-0.23079012931247866
857,-0.24616551079361912
858,-0.05395699132229896
859,-0.8334641356539474
860,-0.04359089713189479
861,0.5115678754318745
862,-0.7947634219750309
863,-0.6588325494333185
864,0.21696196286958933
865,0.667422583351384
866,0.22332817110065428
867,-0.0054900219137919565
868,0.7621639758314178
869,0.03929564336384439
870,-0.06814948682899989
871,-0.03721842101039832
872,0.4194607444112234
873,0.7210059510387579
874,-0.5400083061563983
875,-0.3286206086580017
876,0.22255130281204155
877,-0.13679089145421577
878,0.7805627184018025
879,-0.04915338172499735
880,-0.02176187745575381
881,-0.2657352735533653
882,0.14919781877885974
883,0.49730956238037655
884,0.07722617871141067
885,0.407731728392438
886,-0.10252179045771036
887,-0.5729157818727298
888,-0.03784873630834734
889,-0.15115252922828015
890,0.019405335971394877
891,-0.8417175243998646
892,0.021422774121870436
893,0.44629851138299337
894,0.2904021020938433
895,0.48553689113756926
896,0.20452891014152724
897,-0.8025185448893511
898,-0.33915612919571264
899,0.0197255891743556
900,0.2851349860329412
901,0.7194997567602524
902,0.023811657445638804
903,-0.14343786172360556
904,-0.21877588617056432
905,0.012702803496661858
906,-1.0002362889578569
907,-0.41939834801556625
908,-0.1567756270278757
909,0.011352874749009687
910,0.43400936313461
911,0.2668091851965753
912,0.07926331431874109
913,0.004224901199139847
914,-0.008672753685229573
915,0.12314061268995954
916,-0.08134818711269291
917,0.006812471801138191
918,0.18471564790842185
919,0.6683893332738093
920,-0.14810517160763811
921,-0.5066803123209965
922,-0.33570505666407263
923,-0.25356836613846184
924,0.13320147164291782
925,0.7196147033212131
926,0.5726706616229305
927,-0.14144745317422439
928,-0.7743436136384508
929,-0.5637082055841456
930,0.32608234242763434
931,-0.38256264712420923
932,-0.4079350952158024
933,0.22085668571981676
934,0.4792660635446503
935,0.06677945726823296
936,0.31362571090225255
937,0.625606350133653
938,-0.054776071012825445
939,0.4779075116275486
940,-0.22246415844331782
941,-0.2171909031898153
942,-0.414948957428278
943,-0.38216502191635326
944,0.6575410152999996
945,-0.026026155409795193
946,-0.0564548400412645
947,0.41526589625946325
948,-0.37702535249778135
949,-1.05701612250909
950,0.3318244303265414
951,0.25297224570290744
952,-0.38217566414643017
953,0.35598624305646254
954,0.29110719045468314
955,-0.05664592592165146
956,0.3053726368111035
957,-0.28326662820472165
958,0.312493837272455
959,-1.1557386039638256
960,-0.18738350054645114
961,-0.8429377468828839
962,0.4579004816619205
963,-0.9692836864841967
964,0.4786904361933791
965,0.21655775440838895
966,1.6512030331220624
967,0.0671809512760172
968,0.04369838974437029
969,0.0632847562298873
970,0.05417138615037652
971,-0.3326281567332874
972,-0.4958735077684426
973,0.5577380327674857
974,-0.26642618384957867
975,0.5048300623581938
976,0.36725397428367196
977,-0.5581245258173763
978,0.34153534727296925
979,0.8795668820030226
980,0.5732612325149984
981,-0.06433836327875164
982,-0.5754095782022536
983,-0.3869102541172588
984,0.5109971870913237
985,0.3977539726173854
986,-0.010303885659999967
987,-0.4662636343503421
988,0.6504122497982204
989,0.37847746406964955
990,-0.012067058682556996
991,-0.25993082982071125
992,0.43159896582662205
993,-0.02447683424763386
994,0.2131868138870025
995,0.35522832894948736
996,0.6262902395365576
997,0.2857154539020486
998,-0.09037733622674045
999,0.22164439684815873
1000,-0.11759798234003409
1001,-0.059669665780261616
1002,-0.5549469820305521
1003,0.1792849865584762
1004,0.46054031487154723
1005,0.4102148696911519
1006,0.5999403444224931
1007,-0.0856990900091995
1008,-0.3263631473400979
1009,0.11877456265488456
1010,-0.25745121935907656
1011,0.4116375450105416
1012,-0.08165277725730402
1013,-0.20926204752540037
1014,-0.5463269063724735
1015,-0.7429354249748071
1016,-0.10361915664914906
1017,-0.09000163544417725
1018,0.015112150453624407
1019,0.08832115482888911
1020,0.5884258820381503
1021,-0.3588963089595152
1022,0.17329386984359982
1023,-0.8844095958738329
1024,0.40449181810456575
1025,0.38046716644793865
1026,0.4645602294468717
1027,-0.18352176640961396
1028,-0.25160980520452675
1029,-0.155681886327938
1030,-0.11741808023626261
1031,0.469160369481595
1032,0.16373761519869923
1033,-0.021836926037112583
1034,0.022228715620244283
1035,-0.33325122435604887
1036,-0.21128314308243712
1037,-0.38140607570147217
1038,-0.22718848920092455
1039,0.1122995206876505
1040,0.6988807797597408
1041,-0.19356358083784098
1042,0.3671363008878342
1043,0.32598624184430924
1044,-0.1309372200116619
1045,-0.19143683612967352
1046,0.02381220335256251
1047,0.3478747425153708
1048,-0.8219309995613326
1049,-0.11433865935120682
1050,-0.4329829029463632
1051,1.175751115777538
1052,-0.9579108077827534
1053,-0.9010820762566187
1054,-0.5610277597876554
1055,0.26918476200365254
1056,0.13567583176085846
1057,-0.3916120869518116
1058,0.71286286414817
1059,0.8014777032516102
1060,-0.021156133798839516
1061,-0.22255038276493902
1062,-0.3446943137356552
1063,0.7270060887435821
1064,-0.23240131873184436
1065,0.668605862936448
1066,0.4035528541778223
1067,-0.6580296441824587
1068,0.678333140499782
1069,-0.4893117431993317
1070,-0.8231511967475458
1071,0.6567843654540884
1072,0.28206116451642516
1073,0.11112980282783486
1074,-0.26980301661784245
1075,-0.2721343314751172
1076,0.5994266965811506
1077,0.7979601290707063
1078,-0.5348936089291748
1079,-0.7567515963609883
1080,-0.47898229740826287
1081,0.5350812942330979
1082,0.5894235343443583
1083,-0.7963587644261069
1084,0.678723687589957
1085,0.31604952177481005
1086,-0.04893876122668135
1087,0.5906931210736391
1088,-0.15280373837520303
1089,0.07972223475378247
1090,0.08654306801392125
1091,-0.18095242980834492
1092,0.5707204400411598
1093,-0.10255845877208367
1094,0.0661316432474913
1095,-0.2312269019878896
1096,0.027873064362982147
1097,0.5174866797138735
1098,0.9913836545880135
1099,-0.1922753646377199
1100,-0.48034550062228776
1101,0.20452860484144705
1102,-0.35138885074856535
1103,0.47891344687680926
1104,-0.24968576589460512
1105,0.20309934491151924
1106,-0.2396449890327367
1107,-0.31150909603998544
1108,-0.3686708212141987
1109,0.2152038341257954
1110,-0.20874335649766176
1111,-0.011741639568838003
1112,-0.007824043091243845
1113,-0.22239610341206842
1114,0.037135427655789144
1115,-0.49143289865430495
1116,0.4276637606474155
1117,-0.029460656437144878
1118,0.31422023944886435
1119,-0.35733634345526233
1120,0.07398232054690745
1121,-0.07565401201984151
1122,-0.11895364670410102
1123,-0.04703657901314398
1124,-0.160343328979351
1125,-0.16832242784755452
1126,0.8762413683908289
1127,-0.05463200112577938
1128,-0.5528264314380715
1129,-0.7064023416001307
1130,0.1204531090804267
1131,-0.261869783082364
1132,-0.23551053529645063
1133,0.7511068317779414
1134,0.36280490040933766
1135,-0.31377312204257246
1136,-0.051387202136927435
1137,-0.5613874706095338
1138,0.05550062348286677
1139,-0.3393578665199315
1140,0.43551362484586253
1141,0.26827801427108483
1142,0.28420175046625135
1143,-1.079194802723825
1144,-0.17795489053580582
1145,0.35945898269259163
1146,0.04495306481442253
1147,-0.04599939835246883
1148,-0.2166287496434836
1149,0.3857447161897547
1150,-0.7131206816792851
1151,0.21376267237180924
1152,0.1647958518892298
1153,-0.02099757316476253
1154,0.07589593494233599
1155,0.018905816302785622
1156,0.1247255140293663
1157,-0.562667448939644
1158,-0.6448914663960172
1159,0.08975950340573838
1160,-0.6153382266132011
1161,0.34020130379836194
1162,-0.27718640494098656
1163,-0.34583768428918327
1164,-0.08257321037406365
1165,-0.07737748664862854
1166,-0.3689155924975844
1167,-0.4375320531009801
1168,0.019079868326950772
1169,0.3980211473831554
1170,-0.44491442858442665
1171,-0.8724572604359021
1172,0.06860069853253647
1173,-0.373090446534735
1174,-0.1429636899260713
1175,0.9088557687173635
1176,-0.6614854681992669
1177,-0.002028148088324966
1178,0.32710470651227574
1179,0.44052862095891604
1180,-0.4836701121843322
1181,0.5111782254759542
1182,-0.2791560325134787
1183,-0.0031353114999000562
1184,0.6863840283937661
1185,-0.24071564336375398
1186,0.006963377238235813
1187,-0.7485249761579595
1188,-0.11500745316257353
1189,-0.3304404308775871
1190,0.4849921249285164
1191,-0.19084882279765897
1192,-0.18060846888209697
1193,0.3621428582821649
1194,-0.35194593323094187
1195,0.12905441909684975
1196,0.2680233126551833
1197,-0.20559677314289343
1198,-0.7327210545452147
1199,-0.25894996333554965
1200,0.3485717225112703
1201,0.3419310661053556
1202,0.0281481298140932
1203,-0.05703864685359203
1204,0.13116258752393564
1205,0.08349048876811518
1206,-0.01209622689383652
1207,0.3434185075461532
1208,-0.04415523165583296
1209,0.2814932293716789
1210,0.46303794026224354
1211,-0.04454840499185013
1212,-0.5146593969425057
1213,-0.0029091256274016986
1214,-0.3700900137114263
1215,0.17773951658626644
1216,0.47865102980109203
1217,-0.025061460029751015
1218,0.22042458484685043
1219,0.8655786235309301
1220,0.4419281492435614
1221,0.14668643956893238
1222,-0.25258423110194295
1223,0.4402288578067918
1224,0.08715967633739286
1225,-0.36161233456361436
1226,-0.4391513352057091
1227,-0.27953937332954615
1228,-0.3313078934308924
1229,0.3071592018942985
1230,-0.1355648587258592
1231,-0.08922190193263693
1232,0.10849913264314104
1233,-0.6651027539862955
1234,-0.1472026989533931
1235,0.6035543849955287
1236,0.7488846963057443
1237,-0.7404109692956937
1238,0.10077146550748395
1239,-0.23761423936382164
1240,0.9847019157806213
1241,0.23870347202614323
1242,-0.19237130498427793
1243,0.2423657495198122
1244,0.7487084346869458
1245,0.740003675665395
1246,0.3242474180931293
1247,0.8258775329432877
1248,0.38192264598117404
1249,0.10522316996944328
1250,-0.29704542352809715
1251,-0.22907005144578843
1252,-0.4744021645489511
1253,-0.1375823464312288
1254,0.4098442769774984
1255,-0.6398646158489022
1256,-0.07962241400676928
1257,-0.8944297389653949
1258,0.5896146547628089
1259,0.36609577302174984
1260,0.15097554424062476
1261,-0.48900360261898274
1262,0.052620814238558966
1263,-0.1659269754872645
1264,0.31212212474679035
1265,0.159446938362916
1266,0.00013923451989561464
1267,-0.6406541734722648
1268,0.6997363404884147
1269,0.2444960991466144
1270,0.2728616920999013
1271,-0.7424034186856261
1272,0.31698814244269574
1273,-0.21291847472170838
1274,0.2818387115403541
1275,0.10675687391923316
1276,-0.11380518883254084
1277,0.29764196032985
1278,-0.6870053236189445
1279,-0.5377622070535923
1280,0.3714603807051104
1281,-0.8461690665088752
1282,-0.23981358413945703
1283,0.2858492371453999
1284,-0.18945112788511828
1285,-0.2658640198806981
1286,-0.033904160908383885
1287,-0.22142493921668743
1288,-0.2506462345397974
1289,0.2778690328073681
1290,-0.16570943131755855
1291,0.2466877206757271
1292,-0.4117963862673125
1293,-0.5885237685170304
1294,0.2397480683935564
1295,0.4051626028960295
1296,-0.23035622379182757
1297,-0.5829278292041515
1298,-0.951201940520577
1299,0.12720489998836493
1300,0.2144404755571005
1301,0.899819304563669
1302,-0.13319318577654238
1303,0.3558170542372938
1304,-0.08252257079165243
1305,0.5602074302472464
1306,0.30664256105746873
1307,0.4419713113556796
1308,-0.7355949566224776
1309,0.38041591067489267
1310,0.6161044929456659
1311,0.20379572548986397
1312,0.24452687303040904
1313,0.38702697427688415
1314,0.2652019113484731
1315,0.08847067314746968
1316,-0.1306073822355514
1317,-1.0158468558070823
1318,-0.02589705757783657
1319,0.2820712830469734
1320,-0.01241722052482852
1321,0.3724557633291816
1322,0.30756913504720446
1323,-0.3915559044046467
1324,0.418548974146613
1325,0.2327950960475178
1326,0.2891040662193196
1327,-0.33981019014479186
1328,-0.5405521200181567
1329,0.3799136833438268
1330,0.995839814176733
1331,-0.477105701466602
1332,-0.5185794758678087
1333,0.3620694385839198
1334,-0.05043928399212477
1335,-0.3207750570650778
1336,0.13037223248396662
1337,0.45206701132533766
1338,0.2274761021225051
1339,-0.22718902606662233
1340,0.29500144017265995
1341,-0.04754754911592589
1342,0.27585197605313866
1343,0.19295129816854456
1344,-0.13714294169109154
1345,0.343829168069265
1346,0.09199803197022624
1347,-0.14110099764298756
1348,-0.4146423596397627
1349,-0.0529458917181761
1350,0.3845460084946807
1351,0.37371504474308986
1352,-0.6327149442455584
1353,0.3872255547945994
1354,-0.8726953460103838
1355,0.07013248001056029
1356,0.17239349346188937
1357,-0.340823806246521
1358,-0.2503232528969374
1359,-0.6419253737887265
1360,0.34425320992051367
1361,0.5926356669112933
1362,-0.6461149718081802
1363,0.6857231194374269
1364,0.5305995129432844
1365,-0.2943063409920089
1366,0.13855101293860278
1367,0.3532448918190153
1368,0.3627966688551443
1369,0.2091776587126999
1370,-0.5119153181600212
1371,-0.4298566887503427
1372,-0.011338697101253237
1373,0.11542224668295087
1374,-0.4286554329654666
1375,-0.5177248265477848
1376,-0.1503725297081574
1377,-0.6584515731511666
1378,-0.20895881572216896
1379,-0.12899129429060596
1380,0.24985023124920408
1381,0.3579216316937558
1382,0.38092168770808266
1383,1.0106028942576533
1384,0.2072646592214218
1385,0.15824971393228804
1386,-0.7185892915739738
1387,0.10619219417138359
1388,-0.6298340527992077
1389,-0.390650513514078
1390,-0.0938200738161129
1391,-0.3176492706650907
1392,-0.37077915289103863
1393,-0.5071936557330124
1394,0.14300654964427162
1395,-0.905929437326822
1396,-0.6847229653112835
1397,0.4400051530828095
1398,0.10529904573481136
1399,-0.014879553442847452
1400,-0.3417308859854495
1401,-0.08421146278073448
1402,0.014404674284061558
1403,-0.5421678950413714
1404,0.09870964633383388
1405,0.36589973414388316
1406,-0.08410032559126673
1407,0.07467380145733638
1408,0.6460924770276227
1409,0.4708393836348868
1410,-0.3392039450081561
1411,0.3287394626140656
1412,0.605375218588733
1413,0.12918149217507405
1414,-0.4191875287060969
1415,0.28573078224096765
1416,0.13669687384658116
1417,-0.38944908546400536
1418,0.39093449514462114
1419,0.637150081139781
1420,-0.2901444045680386
1421,-0.5231575948298123
1422,-0.39449629379747425
1423,0.002939874186907443
1424,-0.4331888282943148
1425,0.45284390735294233
1426,-0.4852828745838652
1427,-0.15699799686110302
1428,0.2891226677204571
1429,0.37025170047395267
1430,0.374011953649502
1431,-0.15824769244094208
1432,0.186986286348216
1433,0.12871993638156293
1434,-0.5195299067429919
1435,0.5968796376394323
1436,-0.09599725151789151
1437,-0.2588527785907568
1438,0.04647660797137369
1439,0.05627017879854847
1440,0.46864877909940683
1441,-0.3599565043578581
1442,-0.49880216691711127
1443,0.17600338005855742
1444,0.08754284370264884
1445,-0.41787865412979514
1446,0.09766815384787711
1447,-0.1460466491296057
1448,-0.05000666775010456
1449,0.37003555110374375
1450,-0.5615181939468743
1451,-0.04877882174056353
1452,0.24925151431375822
1453,0.25805193683657496
1454,-0.04082303329158324
1455,0.7937755693664175
1456,0.2790516258405722
1457,-0.29802544404536757
1458,-0.2212922869808594
1459,-0.40184152590432415
1460,-1.295700608704797
1461,0.49291118875789247
1462,-0.6170838319882326
1463,0.3787713041530639
1464,-0.6032005938490421
1465,0.21114035111677293
1466,0.5459525510511769
1467,0.018947608937512364
1468,0.1683268580860484
1469,0.8540702855644264
1470,-0.7375681796964512
1471,0.3149466921464525
1472,0.36761172756294
1473,0.24171064133548836
1474,-0.386078913819241
1475,-0.15726718844922077
1476,0.12006035705938686
1477,-0.6953277881128546
1478,0.37747692639240604
1479,-0.1479177867145889
1480,0.38271073616795526
1481,-0.03591508898575457
1482,-0.10923464621146825
1483,-0.06309625643365971
1484,0.21996900673055375
1485,0.26345466074086543
1486,0.03890020031321699
1487,-0.38561559383845195
1488,0.30458205842130487
1489,0.31837564237176974
1490,-0.43032639793889516
1491,0.09253528197543912
1492,-0.4257595958059575
1493,-0.5194495318814206
1494,-0.6387655945848592
1495,0.6779735055926671
1496,0.5334240735648095
1497,0.0889769886932975
1498,0.20874264239137572
1499,0.38249292332757867
1500,-0.07781473100111697
1501,-0.17939990498410252
1502,0.37601645388186916
1503,-0.32122830586460893
1504,-0.24953963522483286
1505,-1.0927050803822038
1506,-0.047198670590286956
1507,-0.06540401121977271
1508,-0.0038098436013933867
1509,0.37446422541740065
1510,0.9654559999125193
1511,0.10224399306887627
1512,0.10735908449334713
1513,-0.08875232267522465
1514,-0.2791474651090254
1515,0.4624640123501681
1516,-0.7819768112935849
1517,0.74509101578637
1518,0.5874968909007857
1519,-0.21069386693836112
1520,-0.38880130226948106
1521,-0.1824188322960391
1522,-0.27615227825933464
1523,-0.1336114734878406
1524,0.7143978047554256
1525,-0.3739337949568341
1526,0.12856844046980936
1527,-0.30488544542965884
1528,-0.018808674307823278
1529,0.18220049469890526
1530,0.28179944999482837
1531,0.4673118900971789
1532,0.0687521124224858
1533,0.39768659839672704
1534,0.05698822829304157
1535,-0.11203088315222917
1536,-0.16127340959747546
1537,0.8440439227785458
1538,0.08862106982667503
1539,-0.26224230905092305
1540,-0.40652709448470203
1541,0.10718894323183939
1542,-0.4062648716576793
1543,-0.28989803501977635
1544,0.3027080210087389
1545,-0.3660035411650175
1546,0.24213465704926518
1547,0.16236976910521658
1548,-0.16284470569291967
1549,-1.1017868831516944
1550,-0.07898505133187345
1551,-0.07263709931741663
1552,-0.0798137560062473
1553,0.2054710774549423
1554,-0.06654143512178039
1555,0.44279248469727167
1556,0.08281062617081245
1557,0.8571723529562374
1558,0.18751142042836286
1559,0.31199819993747996
1560,-0.6330528488783463
1561,-0.06368940229763936
1562,0.43140006114307317
1563,0.35435968074341806
1564,0.11430232195910658
1565,0.4670034224800467
1566,0.5102590893061293
1567,-0.34809147899828896
1568,0.2622551402199232
1569,-0.13350079354700511
1570,0.29952843167908483
1571,0.13332302858675454
1572,-0.2959610693082307
1573,0.6673659454352747
1574,-0.7470740485986265
1575,0.7996951513492749
1576,-0.3537673962439873
1577,-0.4285272949413347
1578,0.2743481912997364
1579,-0.45560893778610484
1580,0.49619293835869993
1581,-0.0779613738698719
1582,0.18146026649117075
1583,0.3504087691496499
1584,-0.4440072677733719
1585,0.5502831395772043
1586,0.5542928406065548
1587,-0.3448044679949436
1588,0.9548959657642957
1589,-0.2854366675922728
1590,-0.15029225873152244
1591,0.07359680055154522
1592,0.35030768500746073
1593,-0.5559681439262607
1594,-0.03789787133346831
1595,1.4644338250809532
1596,-0.45293691747177245
1597,-0.024404785791035846
1598,0.21548969037744714
1599,-0.29611377147693996
1600,-0.29784929795584975
1601,0.32657028380708647
1602,-0.4987066226886466
1603,-0.47687495773985433
1604,-0.540920753479109
1605,0.03904544971403226
1606,0.29898701577586895
1607,0.25988234711273545
1608,0.09092265339179764
1609,0.4390339238135557
1610,-0.8061847159237593
1611,0.3686373596799994
1612,-0.25756351817292084
1613,0.003687009501616996
1614,0.036694453037248845
1615,-0.43306649128513997
1616,0.14226883843509813
1617,-0.03436497548520752
1618,-0.5216946500230907
1619,0.36284580343183165
1620,-0.3548359102869348
1621,-0.6811505780755607
1622,1.0587472933853956
1623,-0.037546997081357114
1624,-0.8065920649462137
1625,-0.24548467241990585
1626,0.4027728632627852
1627,-0.08498685426542084
1628,0.33378320803563033
1629,0.10196889635632722
1630,-0.04981322471815454
1631,0.326374162337836
1632,-0.26478814215610896
1633,0.30049224460426066
1634,-0.2482758875524967
1635,0.9421654378268046
1636,-0.05645052380928686
1637,-0.012011188107226345
1638,-0.20454072612272733
1639,0.3367935273252176
1640,0.16364636654897421
1641,-0.34662932224475757
1642,-0.17483594305195993
1643,-0.30019477999616295
1644,0.1317190382930887
1645,-0.6496667625673442
1646,-0.3677943289779153
1647,0.29369523849842716
1648,0.7228592639809331
1649,-0.0761016577391306
1650,0.3179128851527266
1651,-0.43760157105393277
1652,0.23257282515469127
1653,-0.20051670371902525
1654,-0.2258433145925318
1655,0.5641143832372086
1656,-0.17311957444120035
1657,0.8042103317001503
1658,0.7995392294618694
1659,0.3162205496586407
1660,-0.4891456139231735
1661,0.06457903571781898
1662,-0.1869260018910725
1663,-0.8241036376234896
1664,0.17487354437800356
1665,0.6223725716209639
1666,0.20493930072710798
1667,-0.27493631936841406
1668,0.2539634376446399
1669,-0.881956763008958
1670,0.18625635522228556
1671,0.17023829214459307
1672,-0.28718292103582466
1673,0.15037420186312322
1674,-0.008647113205446033
1675,-0.32270568038417863
1676,0.17340112696934273
1677,0.9043893173447336
1678,0.08805850694079914
1679,0.5105917115189131
1680,-0.00837490829149462
1681,-0.36475045402759987
1682,-0.2656969890285239
1683,-0.23463015290113853
1684,-0.29741539864024336
1685,-0.3241533915556821
1686,0.46471936773239164
1687,0.3708093519588572
1688,-0.94582589871933
1689,0.07440628536845773
1690,-0.6194473446879274
1691,0.0034076557605026703
1692,0.8101701070009807
1693,0.2222026197883696
1694,0.07086163446596211
1695,-0.0008284837481612184
1696,-0.3767204078876928
1697,0.45138776358429855
1698,0.043358797357604006
1699,-0.5046128817078147
1700,0.3129316058792734
1701,0.6830647510737254
1702,-0.04846785389321606
1703,-0.008716489734794886
1704,-0.6414926077171507
1705,0.04804700333223649
1706,-0.00876355294668446
1707,-1.2609246507777363
1708,0.2323385614950676
1709,-0.28790464622923706
1710,-0.31355523105587135
1711,-0.4809533006152737
1712,-0.3877598608004246
1713,-0.19002409229192502
1714,-1.0899164208354606
1715,-0.5524692149150054
1716,0.40939664867760633
1717,0.02616381088404604
1718,0.3342522955115055
1719,-0.849135698070891
1720,-0.4030348906275191
1721,-0.40971962351500746
1722,0.7791983698163282
1723,0.010522057490938687
1724,-0.5670718526168359
1725,-0.3407147957744888
1726,-0.10170571501044934
1727,0.2177044198319704
1728,0.23908670723857156
1729,0.6851233985519583
1730,0.392338672020764
1731,-0.12371106170133347
1732,-0.5299895344985452
1733,-0.030624372232428504
1734,-0.44327892234667954
1735,-0.7848086110549054
1736,0.22605900080099167
1737,-0.47135775789933604
1738,-0.412399480345791
1739,0.08857051239125673
1740,0.6111414722810188
1741,0.1727332963336978
1742,-0.39750128181381117
1743,0.26714646370359474
1744,0.5673655169690759
1745,-0.810129948116063
1746,-0.26865737382375593
1747,0.00225569071782937
1748,0.051086528263129816
1749,0.48973551741717747
1750,0.31192859128206674
1751,0.4443962522490752
1752,0.3214780350758304
1753,-0.6426315324158229
1754,-0.4096927269384759
1755,0.25027817138743613
1756,0.041649088957274955
1757,-0.07886152028246166
1758,-0.1343516821629674
1759,0.5872190804671172
1760,-0.6448524500297153
1761,-0.7546999668818396
1762,-0.08372555767974327
1763,0.3785944970285615
1764,-0.5693413717138954
1765,-0.013941794352145098
1766,0.3320615223384535
1767,0.1308191772934864
1768,0.23800875831904098
1769,0.6476730703292918
1770,-0.5422289953134785
1771,-0.34522092457268777
1772,0.7899099488344946
1773,-0.3020549262654457
1774,0.6346391293527883
1775,-0.1410636679223538
1776,-0.7000007278135042
1777,0.5467271688833237
1778,0.28448865472333396
1779,0.04041701271181404
1780,0.2170538892290111
1781,0.2689703369371122
1782,0.1364038254469015
1783,0.07894963510936644
1784,0.5360827652575829
1785,0.27139765939487537
1786,0.14146803940344263
1787,-0.06171601340724471
1788,0.7766708352796273
1789,-0.1433276278688465
1790,0.021871650243093593
1791,-0.4755049741401625
1792,-0.5193193136295626
1793,-0.46532035181896075
1794,0.13805923592494343
1795,0.2469760375784293
1796,-0.18571677544185813
1797,0.48933128416331295
1798,1.2984128175341505
1799,-0.3276276055105071
1800,0.0270511495520937
1801,-0.6864062940574652
1802,0.43308914225797324
1803,-0.5446533165011176
1804,-0.16083295345857482
1805,0.1266432601386144
1806,-0.34739776043023035
1807,0.07391773183533
1808,-0.16059413365132175
1809,1.0339612355792525
1810,-0.7764722908892016
1811,-0.25863057369074527
1812,-0.032602245793840134
1813,0.03956223401953951
1814,-0.3254707740251814
1815,0.4410931440879885
1816,-1.0007307830395837
1817,0.24443481762522726
1818,-0.6343319324080235
1819,-0.0883632665301978
1820,-0.2593869116389938
1821,0.15949228779201624
1822,0.36108007923558344
1823,0.1640882404009872
1824,-0.19484830467915784
1825,0.1627227708350043
1826,-0.29882447986825905
1827,-0.5771109023067814
1828,0.25551590778834365
1829,0.10820912053403559
1830,-0.04091828309288181
1831,0.19406990097712154
1832,0.5688091321875886
1833,-0.7653866199985428
1834,0.3056171880935103
1835,0.43463774765464636
1836,-0.08484966778925511
1837,0.09488748474722991
1838,-0.20167472913804457
1839,0.385226272726862
1840,0.2606572769805823
1841,0.7655492401458448
1842,0.22042364620668453
1843,-0.34094277909542003
1844,0.7064781153066513
1845,0.3581536662958544
1846,-0.3745841795986631
1847,-0.49501297466203276
1848,0.4290583758888186
1849,-0.04556631768096253
1850,0.09118892694604658
1851,-0.08863729396601126
1852,0.013976138399028393
1853,-0.2785858695575844
1854,-0.3736224647251329
1855,0.5132436103523625
1856,0.4813284307918276
1857,-0.08112608802742877
1858,-0.05869969478761415
1859,-0.38527144360770577
1860,0.02645963219754302
1861,0.10822811498544485
1862,-0.37080993515252747
1863,-0.010575883867762814
1864,-0.13728161776039882
1865,-0.45588484554946684
1866,-0.8545312363449317
1867,-0.2533752971752723
1868,-0.5440426992160847
1869,0.4890670989002716
1870,0.2915967677341508
1871,-0.533996586760606
1872,-0.46868264771640544
1873,0.2750122697828112
1874,0.3083879737601925
1875,-0.47529671677298285
1876,0.8238429359635896
1877,-0.4364861436699213
1878,-0.0019116192344401928
1879,-0.32792226075615083
1880,0.2120166375863891
1881,0.09236785563027898
1882,-0.05656055856139473
1883,-0.2769187623989837
1884,-0.9074463951116942
1885,0.018972764946995624
1886,-0.5236895280527977
1887,-0.24848422170718268
1888,0.3906559927099155
1889,0.1926841881466737
1890,-0.3239975963128974
1891,-0.2379694578442365
1892,-0.1640017636735303
1893,0.6246890597184706
1894,-0.5179277469318222
1895,-0.35471848310146903
1896,0.6301475884771174
1897,-0.0640018111712252
1898,0.9709947430299398
1899,0.015179396326733208
1900,0.17074249414434892
1901,0.1286475992206339
1902,-0.5320417524046825
1903,-0.21335092480468532
1904,0.3499138295643056
1905,0.27918480822272973
1906,0.0056965359178660635
1907,0.10095387746119311
1908,0.9532152223650473
1909,0.47673889086663596
1910,0.5052080921668295
1911,0.5182499226221084
1912,0.24333251355107674
1913,-0.07859675878903091
1914,-0.3699972526069627
1915,-0.2618150525506098
1916,0.10212545788832784
1917,-0.3618416006514019
1918,-0.07448383042871619
1919,0.5343217848780407
1920,0.4501013855607916
1921,0.2832018178176446
1922,0.40453214017557343
1923,1.1307372612025677
1924,0.4335853636401149
1925,-0.11847631165561359
1926,-0.3054356935285319
1927,-0.31246800227604005
1928,-0.2520942175381471
1929,-0.19150770083578428
1930,0.23782107479209533
1931,0.6842781854402227
1932,-0.21956733321010238
1933,-0.15840686869020087
1934,0.19886081863004038
1935,-0.48936573403118405
1936,-0.9348314215680155
1937,-0.5788916945953985
1938,0.7393999050745197
1939,-0.11064758902057784
1940,0.8385214764217432
1941,0.12581749784779686
1942,-0.09653963178728389
1943,0.010165833116940548
1944,0.2891901617521787
1945,0.5358468462648454
1946,-0.026524681007545542
1947,-0.022855766283480766
1948,-0.12146539558655886
1949,0.3018599325948522
1950,0.12811323734766253
1951,-0.08511791114430373
1952,0.4273941996448317
1953,0.09994155132493465
1954,0.12319483011036575
1955,-0.339392264522
1956,0.3828722476958404
1957,-1.1458923125977885
1958,-0.22553812820176372
1959,-0.020381367983794113
1960,-0.1872350550667199
1961,-0.7589099306348034
1962,0.7116272899472038
1963,0.4799309180058147
1964,-0.17015172088461328
1965,-0.033721286775994355
1966,-0.0046493647278528505
1967,0.2869635748974843
1968,-0.15527256058703914
1969,-0.08368041493935369
1970,-0.9622282505881325
1971,0.4292664377207498
1972,-0.159584600615093
1973,0.41906713625703595
1974,-0.5097731000905527
1975,0.02493477613499745
1976,0.10716059626581587
1977,0.891998494728474
1978,0.4979177757566327
1979,0.3543695481711812
1980,0.021933739909705253
1981,0.14488009235870786
1982,0.9363264047411675
1983,0.6304928311896867
1984,-0.5547357502329526
1985,0.10445802338161661
1986,0.17730403092099228
1987,-0.2830562362949471
1988,0.11184404519294833
1989,-0.20054392219846728
1990,-0.33102714593322624
1991,0.4142623330403888
1992,-0.16922445082623666
1993,-0.012779890181637207
1994,-0.22393142466317567
1995,0.25761608698831484
1996,0.12219277444153208
1997,-0.3955539031648868
1998,-0.12559574706504606
1999,-0.5258049222620694
2000,-1.0065362040807226
2001,-0.5511699574316584
2002,-0.24343959829617903
2003,-0.5013054554152709
2004,0.702339416714347
2005,0.10859875419396965
2006,0.14979328900140948
2007,0.26153864649844816
2008,-0.5938664673963385
2009,0.8771644623758728
2010,0.17987407318193274
2011,0.08844758051750434
2012,-0.24365209961795545
2013,-0.4141341247042226
2014,0.07162103777122732
2015,-0.5290801773391839
2016,-0.052085287034558336
2017,-0.012749754989657497
2018,-0.03721326956803728
2019,-0.31555820556946507
2020,0.23055911829979792
2021,0.22715130710072465
2022,-0.2402166654506082
2023,-0.31801492930763375
2024,-0.5031500477607367
2025,-1.1321623172793693
2026,-0.0998331754304981
2027,-0.2818979169644993
2028,-0.9897546452045576
2029,-0.6622653431262528
2030,0.08521166451456011
2031,-0.9533461806425246
2032,-0.32410242985929594
2033,0.20468481503355188
2034,-0.585246006270794
2035,0.639288198031696
2036,-0.30464308965798126
2037,0.6555415922268648
2038,-0.662653889931723
2039,0.031790002730323334
2040,0.019010906417055773
2041,0.08526111638740165
2042,-0.3739113602631428
2043,0.26759869135958797
2044,0.2465754609501642
2045,-0.4587505358352094
2046,-0.20009590836209218
2047,0.15869600893995234
2048,-0.1258746119204541
2049,0.5293009184344487
2050,-0.13916653406823543
2051,-0.5633699429526262
2052,0.2013750678642206
2053,0.018638830800068534
2054,0.36468265321042564
2055,0.40938117565587884
2056,-0.5954294472274685
2057,0.2532864731543145
2058,-0.12493264405047438
2059,0.12081199155770334
2060,-0.15457766056781996
2061,-0.17311788640590756
2062,-0.10848425204045492
2063,-0.2568213872358129
2064,-0.48304383833775544
2065,-0.0312378917641368
2066,-0.3575986783998311
2067,0.05603227494701851
2068,0.13703667921899587
2069,0.1727542363118349
2070,0.39406211516912987
2071,-0.032722248997601844
2072,0.5737658928995617
2073,-0.18695802335332642
2074,-0.22382519057249994
2075,0.1160480268886362
2076,-0.6916092140486585
2077,-0.13752204193429615
2078,0.09004350037025766
2079,-0.507683460002105
2080,0.5795818221130511
2081,0.49061210384023923
2082,-0.12152063277695561
2083,-0.1735645252693536
2084,-0.33239404616123674
2085,-0.4162104180542524
2086,-0.3783214934537817
2087,-0.016957737300587118
2088,-0.5356671330973519
2089,-0.0714618769255384
2090,0.06977402732493584
2091,0.33076392997999027
2092,-0.53396680357245
2093,0.6163398194762499
2094,0.11204230033317433
2095,0.08370402148617462
2096,0.09921705720027896
2097,0.48280535627303417
2098,-0.000937381126515667
2099,-0.44896284803599545
2100,0.1826725284271229
2101,0.28674350374161994
2102,-0.17861440065592654
2103,1.122236381657711
2104,0.30794716815064654
2105,0.09879204982362316
2106,-0.013660152027450051
2107,0.24434378438494453
2108,-0.626461122303864
2109,-0.5820699946917849
2110,-0.2716495471533626
2111,-0.8513233773169444
2112,-0.6797630366946821
2113,0.6545292456213919
2114,0.05637017198640333
2115,0.20233755549502197
2116,0.11105479206760366
2117,0.4459376532817934
2118,-0.12664041726179678
2119,-0.07750824496135056
2120,0.28200482503237234
2121,0.9402660881829719
2122,0.34041582177707647
2123,-0.09134965536994
2124,0.47649657335655177
2125,-0.5289907351909287
2126,-0.31656476911176074
2127,0.30867570246070575
2128,0.40847940345295386
2129,-0.7244628241192397
2130,-0.27906477554812215
2131,0.33515384614553584
2132,0.23407276847767106
2133,-0.3349148052712907
2134,-0.5080749825536255
2135,0.32472642902528626
2136,0.31578658326219133
2137,0.21884799463755122
2138,-0.30913360852644145
2139,0.12755364020401505
2140,0.05750130194633164
2141,-0.5599709206844387
2142,-0.10681288025590298
2143,-0.5392941704158155
2144,0.18149924838340853
2145,-1.4533664434620033
2146,-0.6728107870410359
2147,-0.08961393205697288
2148,-0.6279372600680041
2149,0.08817339748356126
2150,-0.8144710998703254
2151,-0.6729041237006732
2152,-0.1572406506892278
2153,-0.1541328164932354
2154,0.47502538753309975
2155,-0.13350509041232583
2156,-0.06676729983197488
2157,-0.06740672703654316
2158,-0.4072176496847944
2159,-0.9132198028444972
2160,0.02933565661978954
2161,-0.16072282319509307
2162,0.2734507226334899
2163,0.05839564490052013
2164,-0.2789894956387825
2165,0.4841868674878526
2166,0.32968180597901175
2167,0.13301132697161544
2168,-0.33004017060416335
2169,-0.45763255884134246
2170,-0.6488285942710681
2171,-1.3529041692679187
2172,0.40336702170369326
2173,-0.2908335145796406
2174,0.139431497672996
2175,0.2861114051883068
2176,0.1560547461291723
2177,0.3193693908448856
2178,1.2539675783809194
2179,-0.4338784084179558
2180,0.25711362116843184
2181,0.1442655302147771
2182,-0.3833607224883957
2183,0.3855910049905888
2184,-0.30062396547267706
2185,0.28815183664733335
2186,-0.2677033093787028
2187,0.9630249313879907
2188,-0.8649005051962013
2189,0.3316440833097301
2190,0.21538711803599467
2191,0.21110798969372907
2192,-0.061022927412631156
2193,0.06566156860451389
2194,-0.17024997976333966
2195,0.34970963279536604
2196,0.7165826856575077
2197,-0.4434668620947475
2198,-0.019401879201759953
2199,-0.19101540210971651
2200,0.5300487154753499
2201,-0.08932549494564958
2202,0.04382822569921403
2203,-0.40182550141480383
2204,-0.3865613358677931
2205,0.34369748879813045
2206,-0.5407573837783037
2207,-0.2746320354827206
2208,-0.46928072425766615
2209,-0.16848615922944363
2210,-0.6723450964925572
2211,-0.47882507314263667
2212,-0.19259367853397202
2213,-0.04978622766566722
2214,0.22431650858269767
2215,0.13906824148317312
2216,0.17266372011563516
2217,-0.015200989421304278
2218,0.812094320265667
2219,0.2413353069273583
2220,0.029276995533764685
2221,0.5165358105290714
2222,-0.09364881642504184
2223,-0.45615242189582855
2224,-0.8151133122077069
2225,-0.8437151820925792
2226,0.045733767227501256
2227,-0.1109755399522285
2228,-0.28580641374706284
2229,0.10230554751453674
2230,0.7581176921681555
2231,-0.21105536697123511
2232,0.3997889365883466
2233,0.4910594156084761
2234,-0.2962572963085225
2235,-0.40441627619217146
2236,-0.3048843745952504
2237,-0.30646361269865163
2238,0.19889434042407111
2239,0.17333445101691852
2240,0.026254161836763035
2241,0.29015846737343487
2242,-0.29180829161353455
2243,-0.2110087580296709
2244,-0.2647716631449135
2245,0.5023442703601289
2246,0.5120142098719763
2247,-0.12029186908994545
2248,0.09654909122372854
2249,-0.08551368944894994
2250,0.11055132580069178
2251,0.7267585073266822
2252,-0.3778179102963559
2253,-0.803209600618049
2254,-0.19860085608013206
2255,0.009437946548074505
2256,0.661533069167448
2257,-0.2707294447090812
2258,0.3427710110709875
2259,-0.3888804420076279
2260,-0.3280118980465767
2261,0.06056616254744679
2262,-0.5880161918425019
2263,0.7481870107765679
2264,-0.0998571969113922
2265,0.24708168874980085
2266,0.3088845789966846
2267,-0.28319494947409096
2268,0.7128388992387835
2269,0.1158395688012686
2270,-0.11224268132621285
2271,-0.5953515496319864
2272,1.0795427115135197
2273,-0.7317033089577625
2274,-0.43342168962154454
2275,-0.31171210718287024
2276,-0.2204153807375624
2277,0.5717603318990949
2278,-0.0225095702454593
2279,0.1850821266004588
2280,0.0004220508291243874
2281,-0.8007714668983117
2282,-0.1954918325782462
2283,-0.8713216705264578
2284,0.2945888554410885
2285,0.6555478568484984
2286,0.017545160781771152
2287,0.5105508733543793
2288,0.9585150233354001
2289,0.08112375867284005
2290,0.33016853492858617
2291,-0.24149970036740182
2292,0.38603648099943993
2293,0.2794521148658061
2294,0.06321352728556989
2295,-0.2067733215930423
2296,0.4083307756260765
2297,-0.28622998991116694
2298,-0.2609224499544106
2299,0.833381233855546
2300,0.19957107165916232
2301,-0.10999146017274905
2302,0.20175936388902638
2303,-0.5253242148911973
2304,-0.177614961268165
2305,-0.39944792651434735
2306,0.1341851869116304
2307,0.46426699634017654
2308,0.003243704612290288
2309,-0.7082651882682981
2310,0.3507345597706815
2311,-0.2807409989686624
2312,-0.7913863367779421
2313,0.24812917585693767
2314,-0.48328122744880175
2315,0.3301574685853456
2316,0.1956242312686253
2317,-0.715073102987873
2318,0.06408559345061736
2319,-0.43665444292201816
2320,-0.07529760296232887
2321,-0.6927607935241012
2322,-0.12800811867214096
2323,0.07822944477333793
2324,0.6874803424751647
2325,-0.16423280260509135
2326,0.023149745978913998
2327,0.6516200926872573
2328,1.0422689365472158
2329,0.37288834673077637
2330,-0.025190664506328758
2331,-0.38987880212814563
2332,0.8887686869888671
2333,-0.11985415119677933
2334,0.1019831067617804
2335,-0.1180560396472077
2336,-0.7658304108558388
2337,0.0676252583189389
2338,0.27798878078151235
2339,0.1984689246519728
2340,-0.02747827982095352
2341,-0.6116759063910788
2342,-0.23291642996799491
2343,-0.35472313118101095
2344,-0.0344360275544964
2345,-0.43756548434749865
2346,-0.35061892566205877
2347,-0.2662940139705031
2348,-0.5005157482245627
2349,0.044280158578152956
2350,0.3659036774863119
2351,0.5397395589203632
2352,0.2157702946354475
2353,0.19309566922604843
2354,-0.4715211837872688
2355,-0.2822646201783602
2356,0.32118216710836683
2357,-1.2656593256570663
2358,0.2801852424951485
2359,-0.16700420720443004
2360,0.5207304057408807
2361,0.3377269709521524
2362,0.39089378162679334
2363,0.539756462254237
2364,-0.10378679616522342
2365,-1.093120955058278
2366,0.25247900409334956
2367,0.7187054869639635
2368,-0.04843902244056342
2369,0.3009158190354598
2370,0.00875457935123726
2371,-0.2113271845432114
2372,-0.20621727170175286
2373,0.04546706345160857
2374,-1.0943753186452734
2375,-0.16250565713540127
2376,-0.25641542906115206
2377,-0.42149969770966067
2378,0.05444073010162065
2379,0.42743204048153216
2380,-0.36050204003730635
2381,0.5414579761192544
2382,-0.5489571112344347
2383,-0.2534737690352844
2384,-0.20204419938366983
2385,-0.33491185705166954
2386,0.3871571590968735
2387,0.5601224741715365
2388,-0.06284557146844708
2389,0.3868655128614884
2390,-0.3161169842142909
2391,-0.8051654209500559
2392,0.07466338258961544
2393,0.23028333173075122
2394,-1.0194616020221288
2395,-0.7276890772599607
2396,0.2538650719871005
2397,-0.22302535917254418
2398,0.012119005124072962
2399,0.2224989746299432
2400,0.26909354024404275
2401,0.0855769812835592
2402,-0.12444756372267186
2403,-0.30977651193791916
2404,-0.08364952249705918
2405,-0.09958677428036067
2406,-0.13504737474307923
2407,0.7113186783103664
2408,-0.19624241143704016
2409,-0.861183723171679
2410,0.1886542032794502
2411,-0.9919852706998762
2412,-0.1857435290641434
2413,0.15031439549593195
2414,0.49291726715106293
2415,0.04208029899570144
2416,0.07066692352412918
2417,0.15141089079267683
2418,0.008812658233610549
2419,-0.5747113372935417
2420,-0.16954397774928354
2421,-0.6130110667842891
2422,0.5091146803629494
2423,-0.05899609639314775
2424,0.11428284154356094
2425,-0.9367865025131616
2426,0.2940873224270481
2427,-0.5413270218982773
2428,-0.8192834427402627
2429,-0.8931382300855262
2430,-0.40226284702238324
2431,0.1195577869401746
2432,-0.13490284730572827
2433,0.2162039871868188
2434,0.18287250944115702
2435,-0.2818706243563116
2436,0.8772127039942501
2437,0.15662872533826266
2438,-0.31714404471744384
2439,-0.22935675766619784
2440,-0.15832711038283273
2441,0.15871928247901512
2442,0.19641002278808894
2443,0.7009644807729456
2444,0.19613195946021122
2445,0.5788996464566587
2446,0.2469300735204057
2447,0.3792675199772009
2448,-0.4412521963743187
2449,0.46261971390345974
2450,0.015118683144727363
2451,0.010636690775778168
2452,-0.5300867758056488
2453,-0.11201075859476603
2454,-0.2815185164763233
2455,0.655875712214737
2456,0.8667709576790318
2457,0.23567725409949214
2458,-0.5723327164353196
2459,0.12973316316381445
2460,0.45525454566935136
2461,-0.15564382578627753
2462,0.3803691130362072
2463,0.47935988213655517
2464,-0.5131977658224189
2465,-0.44725945160953184
2466,0.6422095329629722
2467,0.18372008984877686
2468,-0.0923078292415184
2469,-0.3611849658009291
2470,0.36463828833691014
2471,0.317448077791903
2472,0.32245425747815126
2473,0.2082302069198978
2474,0.3352313135483198
2475,-0.2927077963974449
2476,-0.5974757845414169
2477,-0.22305435141391447
2478,-0.31923206983519287
2479,0.19522103208070524
2480,-0.07454100054846051
2481,-0.9310880084656827
2482,-0.048333556093412056
2483,0.11218705502167223
2484,0.2773821390666612
2485,0.04362411105430915
2486,-0.029604970721285165
2487,-0.2682839358672999
2488,-0.6878140223439257
2489,-0.7537168816785716
2490,-0.7748299136786196
2491,0.3825185316541292
2492,-0.11293358195144242
2493,-1.0877280407879077
2494,-0.25822825425094653
2495,0.0289780539838575
2496,-0.5211953185896521
2497,0.5894350349591617
2498,0.35198723587245984
2499,-0.39997492691751446
2500,-0.20108834487663513
2501,-0.29519986209562166
2502,0.07868073539644041
2503,-0.09754787716205245
2504,-0.44820050344413304
2505,-0.0059533788887976835
2506,0.02433069533045939
2507,-0.34298799560371523
2508,0.6224360700987536
2509,0.4463696938162294
2510,0.0384733773376361
2511,0.1519378276855718
2512,0.33489073974198386
2513,0.02847558883691459
2514,0.18123812393831684
2515,0.8833726112274223
2516,0.6875022006014299
2517,0.6799793276011241
2518,0.5436650608914984
2519,0.01684307125891038
2520,-0.3806153141079194
2521,0.2626021776043325
2522,-0.12881991957672767
2523,0.3796104727051277
2524,-0.38698822860891585
2525,-0.0383353638259398
2526,0.33515596096249617
2527,-0.5634398293547968
2528,0.6488586255490391
2529,-0.46348457506788227
2530,-0.22290384135583385
2531,0.8648683772832593
2532,-0.29233330198030927
2533,0.349854630796719
2534,-0.17313971375730808
2535,0.7033264661455119
2536,-0.03463658325846841
2537,-0.2672209692887424
2538,-0.16284585416031785
2539,0.36822805779348367
2540,-0.4334848972305405
2541,-0.2797261296822766
2542,0.4458190969276469
2543,-0.0793266871711874
2544,0.1364536385133436
2545,-0.5791483412017758
2546,0.16728829727818653
2547,-0.10764790484355526
2548,0.7216498026034703
2549,-1.02142679150275
2550,-0.3162436834511455
2551,-0.2082638974865666
2552,-0.27406999704752266
2553,0.11914825793940548
2554,-0.10416630570625049
2555,-0.8515819047588203
2556,-0.12135336108665815
2557,0.008179104486829784
2558,-0.7123194795690398
2559,0.6510912840552241
2560,-0.4499232103154989
2561,-0.5380365788287387
2562,0.18034246721979402
2563,0.41055774638885356
2564,-0.21098255177894112
2565,0.8364867242322847
2566,0.13109878425731092
2567,0.6812892513408756
2568,-0.12393630595893865
2569,0.3674490023315901
2570,-0.23240172260797148
2571,-0.8833596572403175
2572,0.3029061519501728
2573,0.14963013896530686
2574,0.07993178760884545
2575,0.09720675821493494
2576,0.14526016100541356
2577,-0.15659762873746172
2578,0.5411840670893455
2579,0.4405863850958779
2580,0.5760111827615606
2581,0.15246251194391192
2582,-0.3049915716867386
2583,0.14499239248215282
2584,0.46602783479367027
2585,0.17981378741597762
2586,0.7005588686161763
2587,-0.1870652217981645
2588,-0.316064716096507
2589,-0.11288796170457008
2590,-0.421851400538693
2591,-0.20493526892971495
2592,0.09967024450348572
2593,0.6973544703165155
2594,-0.31327777698930664
2595,0.11416211231606367
2596,0.05253453641768108
2597,0.18419917433732375
2598,0.12204892303497597
2599,-0.23348140184879979
2600,-0.18492282514758224
2601,0.007205495750344737
2602,0.5347511775233179
2603,-0.09856645349250054
2604,0.1307320690592021
2605,0.015168768599028076
2606,-0.07925692841806281
2607,-0.5229815857178874
2608,0.33913329938633846
2609,0.16874262027634893
2610,0.08804384482338798
2611,-0.0996458988551176
2612,-0.253380415592928
2613,-0.07647342021102899
2614,-0.384859499348734
2615,0.6400744486104111
2616,0.04811299488611695
2617,-0.02113558352335459
2618,-0.40312078086515973
2619,-0.5839600613261073
2620,0.24713169278799468
2621,0.01213990325251646
2622,-0.027474716020792322
2623,-0.18676405593309642
2624,0.030741797234327795
2625,0.18417011925490195
2626,-0.5634263498582571
2627,-0.15611884175873797
2628,0.24005524478339524
2629,0.12471446116528562
2630,0.0641431733659033
2631,-0.030992301641840973
2632,-0.09618926636474556
2633,-0.7553197282494887
2634,0.3187298703838994
2635,0.2179924379119147
2636,-0.10666334710548078
2637,-0.4536237226141975
2638,0.3741467562376158
2639,-0.1394517329443754
2640,-0.01570741080989055
2641,-0.571159851643063
2642,0.157318791911489
2643,0.8353526578926335
2644,0.31253069789284527
2645,0.7353479449585222
2646,0.1766208821219562
2647,0.5554586085188895
2648,0.22931061748605075
2649,0.8550785915328356
2650,0.18451280994157992
2651,0.6724184031226313
2652,-0.23057305074563897
2653,-0.12363100864186549
2654,-0.7118633754588782
2655,0.1573795130576513
2656,-0.0745046465257682
2657,-0.18077854947770217
2658,-0.1800124534011485
2659,-0.349936426006805
2660,-0.7994415565348207
2661,-0.44209525261401966
2662,-0.2761420376215134
2663,0.12426882310048856
2664,-0.8011325925620552
2665,0.748594563677099
2666,-0.5719418807323378
2667,0.395044501387267
2668,0.25117001921075116
2669,0.3325579323724061
2670,-0.6738630322745156
2671,0.32033631847310046
2672,0.46178915210504673
2673,0.1335285527389034
2674,-0.05586274448380263
2675,0.31605475248602677
2676,-0.1988162111742781
2677,-0.5191828610307742
2678,-0.027834662188809395
2679,0.13609987626604692
2680,-0.1434270373450011
2681,0.4403008435024189
2682,-0.25328919131449906
2683,0.17884256783334163
2684,-0.13820718501643672
2685,-0.2921915705556325
2686,-0.4867307534202498
2687,-0.07656055862615391
2688,0.21852332063838054
2689,-0.3799441424694934
2690,-0.22686807065575756
2691,-0.9515213282358046
2692,-0.4294422309707106
2693,-0.10467036919754778
2694,-0.8775597698914842
2695,0.14502753322724865
2696,-0.10627809170954697
2697,-0.25977879779925533
2698,0.1659948929187643
2699,0.05173892396642804
2700,-0.21136976794368437
2701,0.37960881777167654
2702,0.3145909633374033
2703,0.022748534467959103
2704,0.8068091270959679
2705,0.09224914733359707
2706,0.30125815537872536
2707,0.639367377047245
2708,0.6584302904287419
2709,0.488760200583949
2710,0.20335121733819267
2711,0.38619139718672363
2712,0.7102963020972128
2713,-0.7886541012692494
2714,0.37079871664923114
2715,-0.08911292730514703
2716,-0.03621590420358698
2717,-0.333506957610207
2718,-0.1841915203605814
2719,-0.0015699643468813917
2720,0.1433815953609089
2721,-0.614318646810204
2722,-0.15388933511332076
2723,-0.4039761890458407
2724,0.10291459969536065
2725,0.5651537570729022
2726,0.3667584563478077
2727,0.2981714991488536
2728,0.03256901478819729
2729,0.17564002979305346
2730,-0.7062230480881302
2731,0.2384449085983832
2732,0.13834639587763592
2733,0.5108299992701799
2734,-0.5595970429981469
2735,0.5921912277928456
2736,0.3025792223941073
2737,0.31578918564443037
2738,-0.2126763143321169
2739,0.7870857108067174
2740,-0.10279165590934579
2741,-0.3636041881886186
2742,0.15105078350460363
2743,-0.4030751457875995
2744,0.17288498763564206
2745,0.7672329226979255
2746,0.8063569492539311
2747,0.6314172218176307
2748,-0.039411180948980384
2749,-0.6931636934473747
2750,0.4740884535645458
2751,0.37205895821209684
2752,0.4111109679563663
2753,0.1571545874228647
2754,0.5989678099226674
2755,0.13580786849705423
2756,0.6150543474481339
2757,-0.14719608129195888
2758,0.03561830276068706
2759,-0.6040538640490155
2760,-0.828265284363948
2761,-0.08196609774898046
2762,-0.1199577448659086
2763,0.3004663620166911
2764,-0.23850349878755578
2765,0.42177725341488537
2766,-0.40379017735091716
2767,-0.25581446030958566
2768,-0.007241941210909403
2769,0.14910172975535174
2770,-0.8667333562598454
2771,-0.3900370893569846
2772,0.2102571966898228
2773,0.2639543697232501
2774,0.10198664709160994
2775,0.3563168024730916
2776,0.17783611197824734
2777,0.03374829369027357
2778,-1.0242292415938095
2779,0.42606750968316626
2780,0.6607851274690684
2781,-1.1875707204417472
2782,-0.4159378653710435
2783,0.13767529881699397
2784,0.011713409931167151
2785,-0.07812281576366288
2786,0.24674832046631134
2787,0.02192828505097752
2788,-0.5443646107572166
2789,-0.27306654594956187
2790,-0.08041280905854933
2791,-0.7606342617241035
2792,0.3820333514186217
2793,0.5425410737561874
2794,0.24084305905739023
2795,0.47899211708989703
2796,-0.5560076690634611
2797,-0.08948808902758992
2798,-0.49880437139398426
2799,-0.2329690008157315
2800,0.6331496132335722
2801,0.059330934992478615
2802,-0.16246089917364845
2803,0.03265518192974827
2804,0.2587668761727217
2805,0.2279370824909872
2806,0.6873759490148305
2807,-0.601235023983335
2808,0.6104479706029017
2809,-0.20814419354122196
2810,0.6119584313612825
2811,0.4001014896163355
2812,-0.40120403644533564
2813,-1.3491738130343318
2814,0.13420683711356668
2815,0.8531439212480149
2816,-0.20932077689627981
2817,-0.125514170867859
2818,0.12382590292047913
2819,-0.43194308318592944
2820,0.29194549305279993
2821,0.1410155232555842
2822,0.20341471939990902
2823,-0.07872980632055152
2824,-0.2621189234421301
2825,0.27027580851156974
2826,1.4285488858042767
2827,0.010331083996119289
2828,-0.45901976323138627
2829,0.9255831950944358
2830,0.06627201305188624
2831,0.09847971375671166
2832,-1.167173793488619
2833,-0.027509120388064467
2834,0.4184072001935562
2835,0.4559839479389288
2836,-0.4092596447621797
2837,0.6586791499991985
2838,0.2020913432792625
2839,0.200762420052361
2840,0.5290547590284677
2841,-0.6270190260607437
2842,0.4111367845221235
2843,-0.43475838747646445
2844,-0.4063920305500079
2845,-0.1710029448719297
2846,-0.14901103442788424
2847,-0.04356946790072224
2848,-0.00915227458248831
2849,-0.5758170805016339
2850,0.3876382921430558
2851,-0.5414261410340662
2852,-0.1537006965014763
2853,0.08675567586001126
2854,-0.10267923149522788
2855,-0.8572765812258543
2856,0.0737413185265405
2857,0.029866738486509947
2858,0.21023675864684252
2859,0.8289324146604975
2860,0.3802682270260174
2861,-0.08193641824559933
2862,-0.6621921254905561
2863,-0.111217160297361
2864,-0.32710882922091866
2865,-0.5363828087181581
2866,-0.13913486163137584
2867,0.32533836308264114
2868,-0.7215265809436516
2869,-0.21780312904333377
2870,0.8274145577915173
2871,0.0638193937765671
2872,0.26004210120271626
2873,0.7360640255198831
2874,-0.7680304443570778
2875,-0.2262234465295179
2876,0.46199659808197624
2877,-0.46644504738439585
2878,-1.018638224455922
2879,0.11478947294443159
2880,0.5875894240309933
2881,0.1340500357920153
2882,-0.11906847236345135
2883,-0.22921727810447612
2884,-0.07013289372109886
2885,-0.2723820780330216
2886,-0.06584066800157723
2887,0.7903642304831011
2888,-0.26405379144443375
2889,-0.7781734432563471
2890,-0.40547510817722354
2891,0.7606545272371148
2892,-0.5114458247281766
2893,-0.014690216239219907
2894,-0.03910522245919168
2895,0.03367593148475359
2896,-0.43212436350387273
2897,0.5843793052451274
2898,0.37313378783086565
2899,0.026970018910541495
2900,-0.6119330043427729
2901,-0.3108264027054396
2902,0.2553631628725103
2903,0.2338957203462379
2904,-0.487516589177837
2905,-0.702837096172856
2906,0.13640774127386446
2907,-0.3303763885930606
2908,0.7034041830786332
2909,-0.5806471705877321
2910,-0.3056786789194313
2911,-0.2278954700838464
2912,-1.0527709680532218
2913,0.05189904213646827
2914,0.247116454443522
2915,0.8351435810604936
2916,-0.2531951056113331
2917,0.04540017483731934
2918,0.24285937880294547
2919,-0.4531279647924381
2920,-0.47949222770605704
2921,-0.5120931359435524
2922,-0.25342795606953306
2923,-0.20990324516201245
2924,0.7197327490584627
2925,-0.08109596298857463
2926,0.14550135546633527
2927,-0.28041968126823413
2928,-0.23166751634688945
2929,1.1351145593995358
2930,-0.23257769357597885
2931,-0.1929192741394525
2932,-0.4350277047151024
2933,-0.23871433159354566
2934,0.49537353595655415
2935,0.09438702886129402
2936,-0.34815046759662505
2937,0.15551741867186053
2938,-0.15757197472532547
2939,-0.29932383437313026
2940,-0.1529140419620909
2941,-0.1538535422546603
2942,0.004674046355242267
2943,-0.4173023248670161
2944,0.7506830220374561
2945,0.10063453875741803
2946,-0.07636749535616259
2947,0.6318042528562205
2948,-0.2974944239005702
2949,-0.6154660692672859
2950,-0.03329811699601415
2951,1.133480816561626
2952,0.33548998633148697
2953,0.8658097036589286
2954,0.18104193171241045
2955,-0.02315534320959936
2956,-0.5543149343069269
2957,-0.4269162174777693
2958,0.30288269402843937
2959,-0.48667693385912036
2960,0.7340591520441184
2961,1.0608389058392265
2962,0.46236362336279313
2963,0.07005581869977737
2964,-0.23246496861500232
2965,-0.27539296796896645
2966,-0.4314789318716039
2967,-0.7573146599778726
2968,0.15551794339328595
2969,0.3367391743313067
2970,-0.3654756254469745
2971,0.21949800085708646
2972,-0.2840607444317879
2973,-0.019299628875747737
2974,0.6911141959396699
2975,-0.7314474308710284
2976,-0.47067031821071653
2977,0.4113964561755646
2978,0.5521058069627776
2979,0.021343070983252665
2980,-0.4744723899161628
2981,0.4384714196010727
2982,-0.20955422645811894
2983,-0.31765579839968167
2984,0.14997895949008236
2985,0.5501666453412488
2986,-0.6910654031031931
2987,0.24475445133865048
2988,0.1460717857064157
2989,0.3305468512474825
2990,0.29782809732749216
2991,0.26152360674434894
2992,0.054982261520911624
2993,0.23428324096725792
2994,-0.5132638895538042
2995,0.174955887486009
2996,0.3653928081687674
2997,-0.07744506821675917
2998,0.08446707612821824
2999,-0.09711485574377288
3000,0.6417633585751356
3001,0.16465054330430795
3002,0.7946344208876691
3003,-0.2808266324740907
3004,0.39938578859095386
3005,0.6477939311155719
3006,-0.3606694478343711
3007,-0.2155069810981407
3008,0.38708985203112667
3009,-0.5537542438829886
3010,-0.4651491037898907
3011,0.07465460061716399
3012,0.1415272484628136
3013,-0.11548770509502249
3014,0.16107081064124057
3015,0.37877512568883087
3016,-0.36782865248721497
3017,0.3890883517722395
3018,-0.5174429417353027
3019,-0.20064227934163237
3020,0.42748851074826993
3021,-0.8071835933793503
3022,0.5144464968488663
3023,0.016413778562864613
3024,0.23047423877196457
3025,-0.1435200112705313
3026,-0.04104036329186204
3027,-0.16171981888060177
3028,0.45148447583063733
3029,0.2958737127945479
3030,-0.5382350245698876
3031,0.4868625553490519
3032,0.26576407708589667
3033,-0.2739725429413909
3034,0.07918891628687622
3035,-0.17605046690233395
3036,0.5926942668413095
3037,-0.24128737820242147
3038,-0.09222738742625142
3039,0.19651216610864267
3040,-0.5282707425787998
3041,-0.7243478075261289
3042,0.08268592313719075
3043,0.10463341854030372
3044,-0.4880398711229585
3045,-0.8511292485359516
3046,-0.6037434282399973
3047,0.4639640508541611
3048,-0.07732209873515815
3049,0.4392632976968988
3050,0.3789741152798883
3051,-0.18729181374083043
3052,0.46348504158936443
3053,-0.2801983349391156
3054,0.5636186745530338
3055,-0.2456680227169453
3056,-0.09039662792452319
3057,-0.48718030345932795
3058,-0.9142287134951494
3059,-0.14417523385510622
3060,-0.23339141480122083
3061,-0.1458430529510144
3062,-0.5291181647136127
3063,0.2822354976605652
3064,0.3923385235359626
3065,0.20084121636158916
3066,-0.2916930826427557
3067,0.397467862576775
3068,-0.3854663333774909
3069,0.1305947481430492
3070,0.30244999667630795
3071,-0.057922211897493914
3072,-0.010931718508923993
3073,0.29376794950659774
3074,-0.45683551386521926
3075,0.19447059448151863
3076,-0.05063383864650217
3077,0.22647645183518245
3078,0.4889953806977104
3079,0.08414117499796384
3080,-0.4018207504137343
3081,-0.09533230384634245
3082,-0.5060024705737229
3083,-0.5290561218183072
3084,0.12964186025533303
3085,-0.12110133632141151
3086,-0.02102778286018578
3087,-0.21351648755988958
3088,0.81684637918672
3089,0.11191591765481135
3090,-0.20664579715457765
3091,0.6936381923863774
3092,0.7267535748252498
3093,-0.008223536777498597
3094,-0.16967109164265406
3095,0.08569960688472233
3096,-0.193312576255593
3097,0.42265169260549906
3098,0.04765322322969001
3099,0.22952687938962585
3100,0.51077189683587
3101,-0.15205500470772704
3102,0.14325432665491802
3103,-0.11123775840275574
3104,-0.42530778674077846
3105,0.4530508763003849
3106,0.014942955091765853
3107,-0.2196130721203148
3108,-0.08344446770314384
3109,0.07982358717076499
3110,0.10284798257592212
3111,0.9016403221326972
3112,0.06212290954891189
3113,-0.590751689291771
3114,-0.310842030491677
3115,-0.33419754775489585
3116,0.5353146624050401
3117,0.23193052944803533
3118,-0.20092711967291402
3119,0.029537301904738536
3120,-0.1888667140145235
3121,0.7012994749114045
3122,0.07105592120295239
3123,-0.4466834927369819
3124,0.19240149927920136
3125,-0.24305081275673734
3126,0.3524151851824958
3127,0.5447229616652609
3128,0.16132682162106388
3129,0.022090753102155213
3130,0.5819969961484533
3131,0.37129177519332224
3132,0.4161977454592833
3133,-0.2157015874588864
3134,-0.4362130242626827
3135,0.4388813545232743
3136,-0.5014965625793265
3137,0.016429534501172044
3138,0.4681286271589512
3139,-0.5189059392405544
3140,-0.0018294424139116555
3141,-0.3406278849783578
3142,0.4411114266696959
3143,-0.27774107860715025
3144,0.03195759022489912
3145,-0.4462689762720074
3146,-0.6420011369747816
3147,0.4072564610015482
3148,0.10756303713710776
3149,0.7038037383203366
3150,-0.46816198753546945
3151,-0.4899513067757576
3152,-0.27405611856484235
3153,0.12640327603066326
3154,0.5438691593416933
3155,-0.17332830012452094
3156,-0.6892257706846037
3157,0.1133844822554472
3158,-0.710860903139199
3159,-0.016838964684723456
3160,0.5154768937394453
3161,0.7847991151835692
3162,-0.1097702799133357
3163,0.2580818756561113
3164,0.4849253880882538
3165,0.6048524347927726
3166,0.16509616953374906
3167,0.9995601375947554
3168,-0.258280471974251
3169,0.5254365898908661
3170,0.44301021967318815
3171,0.2593726795126542
3172,0.3029478037347765
3173,-0.3730054617112095
3174,0.22264601089179464
3175,-0.28201510996115325
3176,-0.12608128785058437
3177,-0.2802728981558087
3178,0.4209902423086482
3179,-0.2707285751752702
3180,0.8074577346674927
3181,0.025394500956139095
3182,0.6781276044091651
3183,0.05992067083056052
3184,0.2749229626113712
3185,-0.19375766040081402
3186,-0.43735776521759795
3187,-0.0794539191369902
3188,-0.15217918404101638
3189,-1.0385986782958432
3190,0.29771570888708665
3191,-0.15963390595557966
3192,0.4242457836718782
3193,-0.12696691656256823
3194,-0.8503764759390636
3195,-0.6660203637679001
3196,-0.010858974619820674
3197,0.0043690563838194585
3198,0.16201040095641603
3199,0.9387095392318849
3200,-0.7609662959393197
3201,-0.13324634730531743
3202,0.2583623558272542
3203,0.3519024336333155
3204,-0.43612162497546614
3205,-0.5294739841454245
3206,0.15006229868194176
3207,-0.37964909064000457
3208,0.4196530157357919
3209,-0.34393693962760896
3210,-0.1361324117472657
3211,-0.12378047316718999
3212,0.07322823845661686
3213,-0.3544814067492401
3214,-0.22936572604089656
3215,0.615473834618175
3216,0.0730592691580044
3217,0.11260769594424355
3218,-0.08182218938878699
3219,-0.7028857245273097
3220,0.9304936178914807
3221,0.3845220842244155
3222,0.5139550433643651
3223,-0.14622456192186103
3224,0.07322372895443142
3225,-0.13362576084784597
3226,0.18329940393507896
3227,0.7628300370402571
3228,0.1604474636094512
3229,0.34432663676543207
3230,-0.3479478552982923
3231,-0.22840648620693674
3232,-0.18720486019295643
3233,0.011564992652949801
3234,-0.6222965064728413
3235,0.6881027386307386
3236,0.23966798284855784
3237,-0.3605699565550719
3238,0.6888657586037101
3239,0.0015395378018155034
3240,-0.3824535157873122
3241,-0.5384438373755416
3242,-0.11105485549333463
3243,-0.49885207259042363
3244,0.23582905545589652
3245,-1.139003347900395
3246,0.5693958764002898
3247,0.9904297670068674
3248,-0.9283096847466707
3249,-0.07600086840022849
3250,-0.5041432947107438
3251,-0.9173817837281577
3252,0.4357210277769963
3253,-0.02318615445384556
3254,-0.1397954924555726
3255,0.5209949436397455
3256,-0.1085697517000059
3257,-0.36501057849368307
3258,-0.20951648343852278
3259,0.4762578190135185
3260,-0.2542542293550058
3261,-0.2004387531709516
3262,0.41640939449210557
3263,-0.037639775202588224
3264,-0.4250211410449601
3265,0.31608410174889945
3266,-0.12714360793161344
3267,0.14422886536832574
3268,0.7001076549445486
3269,-0.43281827543627843
3270,-0.4241190296651978
3271,0.23350221090953585
3272,0.16656235297285052
3273,0.019428009233503227
3274,0.7127075694509326
3275,0.1896625176796627
3276,-0.5726836823577289
3277,0.12370574976077787
3278,0.1872900688823229
3279,0.23368289415311075
3280,0.20269427600766496
3281,0.22386325738810403
3282,0.6040276446029093
3283,-0.7326769433041012
3284,0.020469333891095957
3285,-0.07608361433979129
3286,-0.28066593163161424
3287,-0.7268664649827523
3288,0.3801210067751173
3289,0.022839974397430074
3290,0.5479748945245224
3291,-0.13526785856681495
3292,0.173839076093252
3293,-0.1780241420226535
3294,0.0776016736879167
3295,0.1659816485291957
3296,-0.11764197823733774
3297,-0.5232221497534284
3298,-0.1332955731052909
3299,0.43952473010403553
3300,0.34020512330953656
3301,1.2027332837658542
3302,-0.28654486996992745
3303,-0.2610580875642111
3304,0.22550919969150135
3305,-0.1478497731080548
3306,-0.7577078455611352
3307,-0.26972068138805433
3308,0.8454010590270544
3309,0.28899263527686414
3310,-0.25734130206540096
3311,0.1922398444614153
3312,0.5598403190313763
3313,-0.06713726401527012
3314,0.8221452690476616
3315,-0.08392441305616866
3316,-0.4272673753870697
3317,0.2674099719767006
3318,-0.40503289952405647
3319,-0.2671662288962922
3320,0.22404566508767326
3321,-0.14063634166009165
3322,0.40994257849772164
3323,0.2548372239737504
3324,0.18033255805001536
3325,-0.2965003907007299
3326,-0.4606919945094895
3327,0.05778057109060454
3328,0.365542473532165
3329,0.5710574779588928
3330,-0.2725179059289347
3331,-0.1600308490513562
3332,0.5021703507087656
3333,-0.09719238035137794
3334,0.02420317020866014
3335,0.0669288083277084
3336,-0.23396656885576442
3337,-0.4492694527061725
3338,0.14489323246742594
3339,-0.13377862696536175
3340,-0.3972174674452549
3341,0.06230558915300788
3342,-0.12681296360790748
3343,-0.1263400541391188
3344,0.2462058841833093
3345,-0.35084102955783714
3346,-0.08176392969730968
3347,-0.4041898556250629
3348,-0.12246497815255643
3349,-0.4282269887469764
3350,0.7222586944768422
3351,-0.015417196888222129
3352,-0.34675820146671044
3353,0.4113971045415987
3354,0.3204012796463571
3355,0.03692885095583534
3356,0.020600919754034136
3357,-0.30135397018209586
3358,-0.3124405124607584
3359,-0.38375183289720755
3360,-0.047964734145857196
3361,0.0934762037880765
3362,-0.11142521247954842
3363,0.5269147388639179
3364,-0.4375478889186336
3365,-0.4590402529073293
3366,-0.17354208313039418
3367,0.7570284901142849
3368,-0.36942197712138686
3369,-0.528336179933303
3370,0.358483401855328
3371,-0.4130012948831112
3372,-0.6213662712407925
3373,-0.5200137857432112
3374,0.2319523053722947
3375,-0.48187532574172376
3376,-0.35288392604236196
3377,-0.44833235000968985
3378,0.44481561069778036
3379,0.16400733647990617
3380,0.48722016279275254
3381,0.44247840782932446
3382,0.2890374961591704
3383,-0.9068564244173558
3384,-0.3474805582047712
3385,0.4370038143220249
3386,-0.30691032796033585
3387,0.11868896871372023
3388,-0.6077878675750668
3389,-0.07644453580781402
3390,0.26931268950210957
3391,0.5091173397949523
3392,-0.0680298065645848
3393,-0.01875959991702497
3394,0.09723250664856806
3395,-0.2698531272876977
3396,0.0728651586303825
3397,-0.19320025366031265
3398,0.22298784585799913
3399,-0.8863283263838396
3400,0.25714855967377226
3401,0.13694501816283822
3402,-0.1382401316755432
3403,-0.4039357272528374
3404,-0.16573511601754526
3405,0.27332283803411367
3406,0.06517334406414042
3407,0.04253009718228945
3408,0.07160526469469825
3409,0.110949926923197
3410,-0.21698631368803928
3411,-0.06794780871551537
3412,-1.0097955679168242
3413,-0.24474103339356268
3414,0.5889848325008074
3415,-0.514293910824891
3416,0.15138239753401606
3417,0.11080495844076665
3418,0.40771006802606163
3419,0.3782227074396361
3420,0.37764273487438427
3421,-0.6708601058044357
3422,-0.31739479810266463
3423,-0.1575299037318934
3424,-0.318432585327064
3425,-0.2800946885624698
3426,0.40475361665235426
3427,0.4244539174716686
3428,-0.7726743321069831
3429,0.5488240770137215
3430,-0.14306378736361824
3431,0.5776668078640254
3432,-0.05024305411604793
3433,-1.1870803523728408
3434,-0.5346741768927958
3435,-0.26159941174201795
3436,0.19818539772204702
3437,-0.3747891525086445
3438,0.7479125693994566
3439,0.3821305104097974
3440,-0.22769005568695527
3441,0.5736759299700047
3442,-0.27212658093168673
3443,0.419716554281015
3444,0.8548965424033912
3445,-0.1846344060823129
3446,0.23655345131249395
3447,0.37170146026344747
3448,0.6928940349990541
3449,-0.4242289739896954
3450,0.8080915457228314
3451,-0.38227093355377556
3452,0.8226911835099279
3453,-0.48812081100175947
3454,0.2949203261159232
3455,0.19643668677059983
3456,0.38713796043196946
3457,-0.11101341676019434
3458,0.8869004165814672
3459,0.23051077848807455
3460,-0.4550948294753387
3461,-0.3045873321713904
3462,-0.015867974688927255
3463,-0.03273361693962054
3464,-0.5957374672769578
3465,-0.26872819234426776
3466,0.19503910230728663
3467,0.25840734542629257
3468,0.4282514613923645
3469,0.3590346281812022
3470,0.47256271130101135
3471,-0.320283159750069
3472,0.1727328311792046
3473,0.24727214725012855
3474,-0.5585904765701439
3475,0.19796305966343072
3476,0.10072149199279246
3477,-0.3259248900453918
3478,-0.07695040270059553
3479,0.9880741717755193
3480,0.16273000434116858
3481,-0.3837434863052376
3482,-0.44224898780436894
3483,-0.30602888246248733
3484,-0.7376452330789169
3485,-0.1368851183425911
3486,0.3651917931931426
3487,-0.02397349849152028
3488,-0.42865087710818517
3489,-0.7168814090071824
3490,0.07802613175532197
3491,-0.04166986445238781
3492,-0.11520052974289804
3493,-0.3415861166688653
3494,-0.1927548578813094
3495,0.2716264052849182
3496,0.18326921468226515
3497,-0.2764403403852531
3498,0.12486186992835982
3499,-0.19343447305258224
3500,0.2367909082253875
3501,0.19002738732447197
3502,-0.3804825496684424
3503,-0.5925760233987084
3504,0.01636204041675354
3505,0.34762519152097426
3506,0.20510616022869937
3507,-0.16897656433552802
3508,0.9314604793579261
3509,-1.0661919185737307
3510,0.0023534429329794826
3511,-0.06622574051203706
3512,-0.3411520883617707
3513,-0.2757091443555452
3514,0.35798808425507406
3515,-0.6873432906202369
3516,0.2887114369911915
3517,0.5987243170012803
3518,0.06448788011090364
3519,0.45691893938860373
3520,0.5250454899789734
3521,-0.864536218551651
3522,0.0772120980942218
3523,1.2853041616001608
3524,0.4731757635456097
3525,0.10433045275750097
3526,0.20978194191512145
3527,-0.4795049017984293
3528,-0.5520557980576077
3529,-0.13426964072469275
3530,-0.8527227027626096
3531,0.6882939252967533
3532,-0.3655976897093255
3533,-0.28300384095885817
3534,0.5277849891104546
3535,-1.038396223579885
3536,-0.059416012377422424
3537,-0.1362444757721672
3538,-0.09782083549562923
3539,0.7239206320451199
3540,0.15831765881622994
3541,0.6907697987721034
3542,0.24305037095710755
3543,0.08746591414701227
3544,-0.14402083471553093
3545,-0.09936762999741725
3546,-0.31225573240721916
3547,0.4324354836095863
3548,0.34144860354769985
3549,0.2764820452123515
3550,0.5545179923613645
3551,-0.11649454822727395
3552,0.21608770808452527
3553,0.3345710219598553
3554,-0.08351545170217456
3555,-1.0496872784194324
3556,0.18372592613143668
3557,-0.005244712692331052
3558,-0.029513921856511083
3559,0.3844255133951567
3560,0.17056158734000204
3561,-1.2693809032344041
3562,-0.31309865377873203
3563,-0.46579380912702983
3564,0.09997597880014551
3565,-0.4953370148197736
3566,1.0401064169234566
3567,-1.0336680233275797
3568,0.10345628873988437
3569,-0.5617662939597974
3570,0.11577004678467646
3571,1.090268718847848
3572,0.21937716006995395
3573,0.3265879597855282
3574,-0.09024490394865328
3575,0.5556107399353429
3576,-0.9840020942716478
3577,0.681498562184534
3578,0.2032389840435536
3579,0.1657738855865801
3580,0.42716337773711055
3581,-0.061406469336043656
3582,-0.5300225987134318
3583,0.11421968459002946
3584,-0.7393410209369503
3585,-0.07652421695541844
3586,0.5691910276009348
3587,-0.3850025130740734
3588,0.6253902154606106
3589,0.48948180623748705
3590,0.21340650138347017
3591,0.5067145473547424
3592,0.1391497532008178
3593,-0.7255386154012468
3594,0.04770628735703619
3595,-0.7177830799229552
3596,0.4900482923387616
3597,0.257182831284385
3598,-0.3816625400189735
3599,-0.46616821407828635
3600,0.3380618535556385
3601,-0.12421453348697825
3602,-0.09879606223638582
3603,-0.4032683098573994
3604,-0.08538258129867307
3605,-0.4280592762892266
3606,0.8981398337787541
3607,-0.14542586147823972
3608,-0.36499555157883634
3609,0.08968663689299078
3610,0.28016759874749475
3611,0.13969347068876248
3612,-0.28338065830436937
3613,0.43008308196867123
3614,0.2749457670332488
3615,0.17807628990384605
3616,-0.08151793894167664
3617,-0.5491182651192247
3618,-0.5304164215489859
3619,-0.5438192308897939
3620,0.39542629073355706
3621,-0.1591548676596322
3622,0.27845151926301476
3623,0.3307725806026062
3624,0.44318316768812616
3625,0.010770634766274795
3626,0.09384401071500552
3627,0.39145029318271674
3628,0.009272639864191676
3629,-0.26125907087873035
3630,0.39177317038624077
3631,-0.40971512296925117
3632,-0.060455582137973696
3633,0.3028798697286583
3634,0.2898770918944753
3635,-0.5206389028266801
3636,0.31365108115723644
3637,-0.7010904842967904
3638,-0.538566127710781
3639,-0.087365046473875
3640,-0.322319610304019
3641,0.10352763465500807
3642,0.05358881825033501
3643,0.11699805655736743
3644,0.22409278783927225
3645,0.06430887544602837
3646,0.010312308457396474
3647,0.4254628221633067
3648,0.4448969547053899
3649,0.183199789232159
3650,0.719227801617268
3651,0.6218749496797318
3652,0.31532439706310156
3653,-0.8916120399890994
3654,0.49895593740078575
3655,0.4663349538320587
3656,-0.1633747371330141
3657,-0.032973571966537496
3658,0.5482794151585527
3659,0.5524907515472179
3660,-0.00836332661450126
3661,-0.20325023053853877
3662,-0.16512275128828124
3663,0.6427630723905905
3664,-0.02582071220420601
3665,-0.31578497427049035
3666,0.1727822474097904
3667,0.7430717611059915
3668,-0.6945918427425228
3669,0.4413391942747382
3670,0.3827526776847312
3671,0.03750646423561631
3672,-0.1804848267504707
3673,0.2436616508529848
3674,0.013793759472170403
3675,0.6546884391437826
3676,0.12013156854491908
3677,-0.552852632305823
3678,-1.0063211060771935
3679,0.366918950190149
3680,0.24944838823036364
3681,-0.08696149866831263
3682,0.015143294835441828
3683,0.5358344994155894
3684,0.24636054104204128
3685,0.39691534306851683
3686,0.5503742686606494
3687,0.08586077976154108
3688,0.43806499067071236
3689,-0.771839728097724
3690,0.034754325373735184
3691,-0.5830241411971658
3692,-0.6995141507640548
3693,0.34594684926333746
3694,-0.5974325035709837
3695,0.8531844092821159
3696,0.6869321910024296
3697,-0.6598800353853852
3698,-0.3980309755924938
3699,0.29201243902073226
3700,-0.12744642530241726
3701,0.5437363143274556
3702,-0.18154166485412707
3703,-0.4693910043649984
3704,-0.12185992669130247
3705,0.3679004688702703
3706,0.048453118125797945
3707,0.1596153130984215
3708,0.41279126772693203
3709,0.2772259850074111
3710,0.18715663761095802
3711,0.93242061228956
3712,-0.6960291404389184
3713,-0.8331900714949247
3714,-0.4068170332136851
3715,-0.3672185174569913
3716,0.7855622617917715
3717,-0.8875917431452349
3718,-0.11592406365338087
3719,-0.8608870927435754
3720,-0.42573460429029814
3721,-0.0017919007082107807
3722,-0.14732437908678264
3723,-0.01277170894247276
3724,-0.09014349680179926
3725,-0.6069549420347423
3726,0.5524874078962051
3727,-0.25792372797848506
3728,-0.655982697912384
3729,0.04063989586048644
3730,-0.029207626566202793
3731,0.1710576371026024
3732,-0.29832185632392794
3733,0.013904733000810465
3734,-0.44749532872583125
3735,-0.2117106290190546
3736,-0.11646096027296915
3737,-0.14419015943811908
3738,-0.009924776831063159
3739,-0.37162901256395414
3740,-0.485975347466496
3741,-0.8985253517990528
3742,0.058463284274997085
3743,-0.2997885718162135
3744,0.295776757161065
3745,-0.5719151102330823
3746,0.14708347016159456
3747,0.05112874070943488
3748,-0.4609976487680725
3749,-0.07888277628863832
3750,0.3695788128237223
3751,0.18867029410893504
3752,0.4715971175517386
3753,0.17906859758288263
3754,-0.535509717988272
3755,0.5711714165197301
3756,0.038828932231949276
3757,-0.15052134990057855
3758,-0.22490912959867126
3759,-0.18805370421424483
3760,-0.352415627116853
3761,-0.24648642109044733
3762,0.6807349676385771
3763,0.07922138426422924
3764,-0.17087770921805723
3765,-0.44160019221684516
3766,-0.3220656728215451
3767,0.4165679678157814
3768,-0.08000660787297326
3769,-0.3004251772290549
3770,-0.46020365485723413
3771,-1.1408137315147335
3772,0.3461998285256409
3773,-0.609976830120877
3774,-0.10122016771983938
3775,0.2170018872995354
3776,-0.3203617530797791
3777,0.012242142853025106
3778,-0.1671849424321996
3779,-0.3079222217039571
3780,-1.1980834792864539
3781,-0.04873835306544677
3782,-0.720074082856385
3783,0.8731757888390566
3784,-0.527518763216355
3785,-0.03335929952519309
3786,-0.3289793067814301
3787,-0.5121470003506783
3788,-0.47831362284530093
3789,-0.4027285759186937
3790,0.44648610814791834
3791,1.071297647914024
3792,-0.17140124744132954
3793,-0.4554887825284425
3794,0.36043041643283935
3795,-0.7355561563148567
3796,0.034351619195477134
3797,-0.27174153909212734
3798,-0.024155046328384222
3799,0.4955655157830148
3800,-0.5894692464588315
3801,-0.6840232501971975
3802,0.219541334655993
3803,-0.203867729863035
3804,-0.59260954242627
3805,-0.17324540674639094
3806,0.6992162899492748
3807,-0.2401415553251683
3808,-0.5540715856793557
3809,0.09876011513195376
3810,-0.11381332122103471
3811,-0.48820402665622126
3812,0.4177353196944354
3813,1.1861613709035055
3814,-0.3303908621634086
3815,-0.32281480775918714
3816,-0.02631995042604478
3817,-0.19828975395020396
3818,0.5862015492310451
3819,-0.09385973120296168
3820,-0.11367253138791242
3821,0.6351415510948216
3822,-0.34812851621608976
3823,0.03778487054866034
3824,1.013102493512601
3825,-0.030524349670578182
3826,0.5740399501059416
3827,0.4402814872655137
3828,-0.5453071165967228
3829,-0.42175064147490005
3830,0.9983104453736025
3831,0.07039703244998743
3832,-0.06029472812002064
3833,-0.010673771291741352
3834,-0.1893745348694543
3835,0.5956305246844339
3836,0.44415390936039223
3837,-0.4248346297192398
3838,-0.7511055932916784
3839,-0.4388517290634479
3840,0.5448152051457272
3841,0.2927246634564718
3842,-0.00022945396127586198
3843,0.2725124221288154
3844,-0.6263550766059917
3845,0.04726479157256808
3846,-0.4028348818122043
3847,-0.16566413233073596
3848,-0.4652391598680694
3849,0.4046676543137855
3850,0.2525512698841943
3851,0.021844525129991528
3852,0.4751702442580001
3853,0.06874545947017341
3854,0.16924940882302406
3855,0.22317365534463018
3856,-0.2658639564307428
3857,0.24092663766444472
3858,0.04532367556419205
3859,0.8546765938605044
3860,-0.22910706491864133
3861,0.23739215468400085
3862,0.1057174039405839
3863,-0.08832414940411087
3864,0.5739256245772726
3865,0.45913231864987714
3866,-0.01031466704327796
3867,-0.5619265372179154
3868,-0.4526624962451322
3869,-0.09313963458895655
3870,0.41573607375565835
3871,0.19949674118638716
3872,-0.4396287985835442
3873,-0.4237284341677457
3874,0.2325460158739913
3875,0.2572639797258157
3876,-0.6671834476215391
3877,0.17935380370474407
3878,-0.5785060182743724
3879,0.7435043123055605
3880,-0.7062040128488025
3881,0.18700741971297363
3882,-0.3075846356878591
3883,-0.15580454655576592
3884,-0.18592278985038876
3885,0.136544211075583
3886,0.5195867590847352
3887,-0.10127433445989714
3888,0.3901946856392925
3889,0.32774779319122177
3890,-1.2541761841302184
3891,0.1567049761508786
3892,-0.0807979982228948
3893,-0.31286713446850944
3894,-0.7984752780645277
3895,-0.1570584702660236
3896,0.39924773448872153
3897,0.25033891769130295
3898,-0.8134608293996082
3899,0.34063083775621145
3900,-0.34702087609998866
3901,0.9299907197391238
3902,-0.06042654882982082
3903,-0.1940767582937168
3904,0.12090249193313271
3905,-0.03400328889153052
3906,0.9217907329649649
3907,-0.1836130794348315
3908,0.390377328314108
3909,-0.01115781668173041
3910,0.46352810173777753
3911,0.3515638954495485
3912,-0.704501941986691
3913,-0.606786634131032
3914,0.09019998521129585
3915,0.4190592414906159
3916,0.2437145202399361
3917,0.006565049563942618
3918,0.5415833859562553
3919,-0.5517071007666725
3920,0.16578280866748796
3921,0.640700814499134
3922,-0.38820602214054156
3923,-0.13969655453621982
3924,-0.025544253658245406
3925,-0.7218604014324992
3926,-0.4727050004436692
3927,0.45584394807376427
3928,-0.4665660422650165
3929,-0.26728892128869436
3930,0.34039315004285464
3931,0.8391465917657377
3932,0.1382337634017266
3933,0.4253333977040872
3934,-0.3115366273416747
3935,0.20215596024701804
3936,0.3508767463585755
3937,0.22364253692046687
3938,0.062414672346646105
3939,-0.7194669215436184
3940,-0.17604775043094067
3941,0.7214757159336845
3942,-0.47009027926513547
3943,0.34036342027139754
3944,-0.31823578095371197
3945,0.108322931821346
3946,-0.425096885888271
3947,0.19703509519168189
3948,0.2348563762059933
3949,-0.8279201793869471
3950,-0.5558033367846591
3951,0.7569013845665803
3952,-0.9528514173096236
3953,0.17753343273179406
3954,-0.45041704849257636
3955,0.2929628605039448
3956,-0.6140185756387194
3957,-0.03572239712859987
3958,0.18401088759537032
3959,-0.27661943002532574
3960,0.23587020534742129
3961,-0.2983766368086238
3962,-0.29860666258568264
3963,0.02731869948207656
3964,0.21031264234301217
3965,1.0313599162631966
3966,0.6763318382035509
3967,-0.5063152820141166
3968,-0.048106539628753886
3969,-0.8067258597438202
3970,0.2096058175909103
3971,-0.5841921765157834
3972,0.7167756254738895
3973,0.10510739031199344
3974,-0.6420026755371196
3975,-0.08870537004514006
3976,0.3344697186866833
3977,0.5836824297164104
3978,-0.434459794767293
3979,-0.08929040813301783
3980,-0.12004393982700262
3981,-0.05533678736575752
3982,-0.08783654077237764
3983,-0.4749708596118964
3984,0.647414903883611
3985,-0.311719857526349
3986,-0.3520105124522024
3987,-0.7915359090840223
3988,-0.3454416759447533
3989,-0.07049414916263849
3990,0.6302279258184019
3991,-0.4714767208297403
3992,0.9637184408394643
3993,0.2952699745784011
3994,0.43956564402185816
3995,0.0955030833515621
3996,-1.03415917998384
3997,-0.018776472507526315
3998,-0.0665973781416141
3999,-0.6977527976884484
4000,0.13886058092356351
4001,-0.38793414974896134
4002,0.20328637839016242
4003,0.09295753673351045
4004,0.28153941171638386
4005,-0.3265272834913802
4006,0.08327136725009149
4007,0.7261627740095489
4008,0.05368320845082983
4009,-0.4223678932532928
4010,-0.07128247227533396
4011,0.335166572702185
4012,-0.5990197444287678
4013,0.06321321870470617
4014,0.10897440536484548
4015,-0.044719805053993034
4016,-0.19225507184098384
4017,0.019134744954076632
4018,-0.10213024762688222
4019,-0.2644649739880922
4020,-0.3321917878568672
4021,0.4203977891684888
4022,-0.10059866884310933
4023,-0.2379793709051565
4024,0.13342455344695892
4025,-0.13713897979419765
4026,0.5856954378631252
4027,0.10189795023459403
4028,0.427615384252268
4029,-0.23914933949380163
4030,0.006927186183928485
4031,-0.6065901835889832
4032,-0.013439339778835435
4033,0.3885701000621008
4034,0.12007035565661447
4035,0.7608775362513094
4036,-0.38990184597829347
4037,-0.44485592376674227
4038,0.5168166515439554
4039,0.32908719367419215
4040,-0.2464841759552836
4041,-0.2679812855612191
4042,0.18517608880994557
4043,0.10089643209526139
4044,0.29731666500535503
4045,-0.4455182016238263
4046,-0.21494820797668224
4047,0.06489671521812104
4048,-0.2953158106657941
4049,-0.4892391034041046
4050,-0.06235076061868422
4051,0.3294774613373347
4052,0.9037438427416288
4053,-0.6149791040075223
4054,-0.3291015929882628
4055,-0.12881195982147015
4056,0.6026278189203745
4057,-0.7106088060095819
4058,0.2601015618362047
4059,-1.0268896973196593
4060,0.739306178330632
4061,0.2529567919479145
4062,0.06908645053682413
4063,0.24627288813588857
4064,0.4652076300403513
4065,-0.7524098259022106
4066,-0.08856128737229238
4067,0.10340810812217932
4068,-0.9133290357476885
4069,0.2466952506076881
4070,0.059291224400183584
4071,-0.06364173325367423
4072,-0.6333336438410326
4073,0.19975585440360888
4074,-0.4273501173766938
4075,-0.3286877608583417
4076,0.8473925206635904
4077,-0.3889470576623914
4078,-0.5765724200781135
4079,0.24383133258265016
4080,0.8381622894048295
4081,0.011189326787616305
4082,0.1519780206869891
4083,0.5071988199314531
4084,0.20567799861365488
4085,-0.11691469355083076
4086,0.011794094652447296
4087,0.2992568837797819
4088,0.3301841589536356
4089,-0.35091589933726636
4090,0.12704512449558683
4091,-0.06293011323164585
4092,-0.2475170851171773
4093,0.18272478561726282
4094,-0.3608796182835296
4095,-0.5748467922671033
4096,-0.8804202889614109
4097,-0.6448000674444142
4098,0.2197997428724896
4099,0.09314882610056685
4100,0.04489495452216813
4101,0.3881847531110419
4102,-0.1815535401145339
4103,0.13359234985720964
4104,0.07917508390266548
4105,-0.03471553305029183
4106,-0.054926948905866115
4107,0.2068374814966285
4108,0.10305790825347683
4109,-0.413209336825539
4110,1.0996771860378867
4111,0.8192032058512475
4112,-0.15895620382616138
4113,0.10563882025587694
4114,0.33699401461031614
4115,0.42258158174012933
4116,-0.4203346237095484
4117,0.056345202483634456
4118,0.39207640896653906
4119,0.25923777413295024
4120,0.2824923407682471
4121,-0.3107406763657782
4122,-0.05753801153673396
4123,-0.1773942390586678
4124,0.28357866424374856
4125,-0.27030310800654594
4126,-0.4855070314216894
4127,-0.5861090869714158
4128,-0.023358226374156382
4129,0.17875739158759885
4130,0.14853448601033015
4131,0.1349634069329288
4132,0.14794090694725043
4133,0.2341439982902863
4134,-0.28094727607104053
4135,0.03416121976387698
4136,0.511967425904046
4137,-0.19876733854681838
4138,0.11581389908726236
4139,0.10613240188061412
4140,0.14767603270726953
4141,-0.1469231046122111
4142,0.08225091259676726
4143,0.34438834850434785
4144,0.04831260737068367
4145,0.32983430593420515
4146,-0.21552583691163146
4147,0.42105178356794526
4148,0.18331556821482203
4149,-0.22191413595786644
4150,0.27896552322686424
4151,-0.01877842556016468
4152,-0.4759196240195123
4153,-0.4340025109838568
4154,0.3497815708113821
4155,0.6364550957838235
4156,-0.012898868630877677
4157,0.16272227675592416
4158,-0.3327488355216088
4159,0.16634695288875323
4160,0.20979795258510378
4161,0.4682538835483664
4162,-0.3942767338337438
4163,-0.2744137604965745
4164,0.2744416795774926
4165,-0.2580471808383292
4166,-1.0586937710790953
4167,-0.29119962904164187
4168,-0.05253711116002066
4169,-0.8363990733680691
4170,-0.5026740018456864
4171,0.15430088859558527
4172,0.7560143267108121
4173,-0.04210727774659784
4174,0.568241222348263
4175,0.09881462273024769
4176,0.6225976252307159
4177,0.24806582306112265
4178,-0.2335758249558034
4179,-0.18627409973857892
4180,-0.59529412778683
4181,-0.002784399188800857
4182,-0.29864447877054456
4183,0.21171081842800826
4184,0.2523583385654251
4185,0.4594059686516767
4186,0.014035503976026542
4187,-0.2992877523717442
4188,-0.3651015851505854
4189,1.0471328601310161
4190,-0.1855366647125452
4191,0.26095255712877713
4192,0.9399026183299911
4193,-0.019824277695496884
4194,0.30800805066340786
4195,-0.01384238794289143
4196,-0.03756359145993071
4197,-0.2623452489513518
4198,0.3015371559721068
4199,0.46755082979380214
4200,-0.2858457423018225
4201,-0.42483028744888784
4202,0.214638657226134
4203,-0.6566051872235092
4204,0.6177020062187732
4205,-0.6769371009231032
4206,-0.18702236660843594
4207,0.04173178821738155
4208,-0.19956208046237012
4209,-0.026084139378336077
4210,0.0916189770783081
4211,0.7555038087717608
4212,-0.2066780703532604
4213,0.24891765571527297
4214,-0.3454089186865768
4215,-0.4841767182948581
4216,-0.43888381465095816
4217,0.6178347811824583
4218,-0.3277326824517401
4219,-0.8614023612761761
4220,0.9536967485396178
4221,-0.5362242695245878
4222,-0.9437049716762907
4223,0.6292043001116903
4224,0.3231367992750702
4225,0.5805297457802551
4226,-0.09359255246727116
4227,0.7048651423700449
4228,-0.14908606102843763
4229,-0.04533640465008337
4230,-0.050526484754065015
4231,-0.2937507412258917
4232,0.21340752181965894
4233,0.32186183576859195
4234,-0.13462177152332885
4235,0.10643519684345568
4236,0.0350810163866849
4237,-0.6413459138262656
4238,0.29137560912574
4239,-0.3764314674131121
4240,0.05958970676833551
